問題,答案
臺灣證券交易所之有價證券集中交易市場委託買賣及撮合成交時間為何？,"集中市場交易時間為星期一至星期五（及本公司公告之補行交易日），各項交易之買賣委託皆限當日有效，委託時間與撮合成交時間彙總，詳證交所官網首頁/產品與服務/一般交易/一、交易時間
相關網址如下：
http://www.twse.com.tw/zh/page/trading/introduce.html#01"
集中市場休市為何時？,"集中市場休市日與銀行業通行假日相同，但本公司認為必要時或應證券商業同業公會之建議，得報請主管機關變更之。每年開(休)市日，請參考證交所官網首頁/交易資訊/市場開休市日期。
相關網址如下：
http://www.twse.com.tw/zh/holidaySchedule/holidaySchedule"
集中市場交易相關規章何處可取得？,"與集中市場相關之交易規章，如證交所營業細則及有關公告、規章等，可由網站查詢。
相關網址如下：
http://market-regulation.twse.com.tw/TW/Index.aspx"
集中交易市場買賣有價證券是否採電腦自動交易方式？,是，但證交所認有必要時，得採其他方法。
颱風侵襲時，台灣證券交易所集中交易市場是否停止交易？,"天然災害侵襲時，交易所集中交易市場是否休市，應以台北市市長宣布當日台北市公教機關是否停止上班為準據
1.天然災害侵襲時本公司集中交易市場全日休市：台北市市長宣布當日或當日上午台北市全體公教機關停止上班時，本公司集中交易市場全日休市，全體證券商當日停止營業，投資人對證券商之應屆交割款券順延辦理。
2.天然災害侵襲時本公司集中交易市場全日不休市：
(1)天然災害侵襲時，總分公司均在受災區域外之證券商正常營業，投資人對證券商之應屆交割款券正常辦理。
(2)天然災害侵襲致當地縣市政府首長宣布當日全體或局部區域公教機關停止上班時，於受災區域內之證券商得自行決定是否照常營業，不論營業否，投資人對證券商之應屆交割款順延辦理，應屆交割有價證券，其帳簿劃撥交割部分正常辦理。
(3)台北市市長宣布當日下午台北市全體公教機關停止上班時，本公司集中交易市場不休市，投資人對證券商之應屆交割款券正常辦理，惟收盤後其他交易均予停止。
3.天然災害侵襲，證券商所在地正常上班，而投資人所在地卻停止上班，導致投資人無法如期履行交割時，可由證券商先行彙整因為天然災害侵襲致無法交割之投資人資料，向本公司申報備查並代辦交割手續。（97年8月1日臺證交字第0970204056號）"
投資人可否委託證券自營商在本公司有價證券集中交易市場買賣？另證券自營商買賣證券限制？,"不可以。
證券自營商不得直接或間接接受投資人之委託在本公司有價證券集中交易市場買賣證券，投資人僅可委託證券經紀商辦理。"
投資人委託買賣有價證券成交後可否撤銷或變更委託事項？,"不可以。
投資人委託買賣有價證券後，若其委託尚未成交，得向受託證券經紀商辦理變更委託，除減少申報數量外，應先撤銷原買賣申報，再重新申報。"
欲變更有價證券買賣委託時，可否直接將已輸入之委託書取回，並於原委託書上更改委託內容？,"不可以。
惟除減少申報數量外，應先將原委託書辦理取消，並重新填具委託書。"
投資人可否全權委託證券經紀商代為決定並買賣有價證券？,"不可以。
證券商辦理經紀業務者不得代客戶決定並買賣證券，投資人可全權委託證券投資顧問事業、證券投資信託事業或證券商兼營證券投資顧問事業辦理全權委託投資業務者買賣有價證券。"
買賣股票之競價方式為何？,"證交所官網首頁/產品與服務/一般交易/七、競價方式。
相關網址如下：
http://www.twse.com.tw/zh/page/trading/introduce.html#01"
目前每盤撮合時間間隔約多久？,目前盤中採逐筆交易，隨到隨撮。
申報買賣有價證券之價格代表多少單位之價格？,申報買賣有價證券之價格，代表一股股票價格、一個受益權單位之受益憑證價格或面額十萬元之公債及公司債千分之一價格。
申報買賣有價證券之數量單位為何？,"交易單位：買賣申報之數量，應為1交易單位或其整倍數，詳證交所官網首頁/產品與服務/一般交易/二、交易單位。
相關網址如下：
http://www.twse.com.tw/zh/page/trading/introduce.html#01"
申報買賣有價證券升降漲跌幅度為何？,"詳證交所官網首頁/產品與服務/一般交易/三、每日升降幅度。
相關網址如下：
http://www.twse.com.tw/zh/page/trading/introduce.html#01"
每日有價證券漲跌停價格如何計算？,"詳證交所官網首頁/產品與服務/一般交易/三、每日升降幅度(二)。
相關網址如下：
http://www.twse.com.tw/zh/page/trading/introduce.html#01"
申報買賣有價證券價格之升降單位為何？,"詳證交所官網首頁/交易資訊/集中市場交易制度介紹/壹、一般交易/四、升降單位。
相關網址如下：
http://www.twse.com.tw/zh/page/trading/introduce.html#01"
當市開盤競價基準如何計算？,"詳證交所官網首頁/產品與服務/一般交易/三、每日升降幅度(註2)。
相關網址如下：
http://www.twse.com.tw/zh/page/trading/introduce.html#01"
集合競價撮合產生的成交價、買進及賣出揭示價意義？,"1. 開盤價：當日第一筆成交價格。
2. 收盤價：當日最後一筆成交價格。
3. 成交價：集合競價撮合產生的成交價代表滿足當盤最大成交量的價格，亦代表高於成交價的買單及低於成交價的賣單一定成交。
4. 揭示價：係指每次撮合處理後，當時未成交之最佳買進或最佳賣出之委託價格。買進價代表揭示當盤尚未成交的最高5檔委託買進價，賣出價代表揭示當盤尚未成交的最低5檔委託賣出價，其中，當最高買進價或最低賣出價與成交價相同時，代表該價位有部分買單或賣單未能於當盤撮合成交。"
盤中個股行情揭示內容為何？,盤中個股撮合成交後，證交所即時揭示成交資訊及當盤未成交之最佳五檔買賣委託價量資訊，成交資訊包含當盤之成交價格及成交數量，當盤未成交之最佳五檔買賣委託價量資訊包含未成交之最高5檔買進價格、數量及最低5檔賣出價格、數量。
投資人如何觀看「最佳五檔」買賣委託價量資訊？,"投資人可透過資訊單機、網路或洽請營業員代為查詢「最佳五檔」買賣委託價量資訊，礙於證券商營業大廳電視牆或行情揭示板面積及字體大小等限制，投資人僅可觀看撮合後最佳買賣價及其委託量資訊。另外，投資人亦可透過證交所官網基本市況報導之免費網站查詢「五檔價量資訊」。
相關網址如下：
http://mis.twse.com.tw/stock/fibest.jsp"
盤中執行延緩撮合期間作業為何？,"詳證交所官網首頁/交易資訊/集中市場交易制度介紹/壹、一般交易/七、競價方式/(三)盤中瞬間價格穩定措施。

詳證交所官網首頁/產品與服務/一般交易/七、競價方式/(三)盤中瞬間價格穩定措施。
相關網址如下：
http://www.twse.com.tw/zh/page/trading/introduce.html#01"
開盤前30分鐘及收盤前5分鐘接受委託期間，是否提供資訊予投資人參考?,"是，自101年2月20日起，收盤前5分鐘接受委託期間(13:25-13:30)揭露模擬撮合後之最佳1檔買賣價予投資人參考。另自104年6月29日起，開盤前30分鐘及收盤前5分鐘接受委託期間，揭露模擬撮合後參考成交價、參考成交量及最佳5檔買賣價格、數量。詳證交所官網/產品與服務/一般交易/七、競價方式。
相關網站如下：
http://www.twse.com.tw/zh/page/trading/introduce.html#01"
開盤前30分鐘及收盤前5分鐘揭示之模擬試算資訊，是依照何種方式計算?,開盤前30分鐘及收盤前5分鐘揭示之模擬試算資訊係依照價格優先、時間優先之集合競價撮合原則，就已存在於委託簿中之委託進行模擬試算後之結果。
暫緩開收盤配套措施之實施目的及方式為何?,"暫緩開收盤配套措施之實施目的，係考量開收盤前1分鐘若價格波動較大，投資人恐不及反應，爰規劃類似盤中瞬間價格穩定措施之機制，暫緩2分鐘開收盤以提供投資人下單之機會。暫緩開收盤配套措施之實施標準，則以有價證券開收盤前一分鐘，如任一次模擬撮合成交價格與前一次模擬撮合成交價格漲跌超逾3.5%時，該證券開收盤撮合暫緩2分鐘，收盤暫緩至13:33收盤，該2分鐘內接受委託及取消或改量，並持續揭露模擬撮合資訊。詳證交所官網首頁/產品與服務/一般交易/七、競價方式。
相關網站如下：
http://www.twse.com.tw/zh/page/trading/introduce.html#01"
實施收盤前資訊揭露後，是否代表收盤前5分鐘之撮合時間調整成與盤中相同?,否。13:25至13:30所提供之資訊，僅為模擬試算資訊，並非實際撮合成交資訊，收盤仍以盤中未成交之委託以及累積5分鐘之新進委託作為收盤價之決定，故投資人之委託仍須待13:30之實際收盤撮合結果 (若個股達暫緩收盤標準，則為13:33收盤撮合)。
若個股達暫緩收盤之標準，是否先於13:30進行撮合，待13:33再一次收盤撮合?,否。若個股達暫緩收盤之標準，則該個股於13:30將不進行實際撮合，於13:31起至13:33投資人仍可新增、取消或修改委託，該段期間內仍持續揭示模擬試算資訊，並待13:33進行收盤撮合，故個股若達暫緩收盤標準，收盤價係以盤中未成交之委託單以及13:25起累積7分鐘之新進委託單決定。
暫緩開收盤之個股如於暫緩開收盤期間，揭露資訊波動達3.5%，是否將再次實施暫緩開盤或收盤?,否。因暫緩2分鐘開收盤已提供投資人新增、取消及修改委託單之機會，且盤中瞬間價格穩定措施亦於暫緩2-3分鐘後即進行撮合，而非連續實施該項措施，故若暫緩開收盤期間價格波動過大，將不再次實施暫緩開收盤。
投資人應如何得知暫緩開收盤之個股資訊?,有關暫緩開收盤之個股資訊，將於個股達暫緩開收盤標準時，即時透過資訊廠商揭露予投資人參考，或投資人可至本公司基本市況報導網站查詢(http://mis.twse.com.tw/stock/index.jsp)
收盤前5分鐘已送出的委託單，因委託的個股暫緩延後至33分收盤，請問還要重新送出委託單嗎？,"不用。
因投資人於13:25至13:30所送出的委託單，若13:29至13:30間如任一次與其前一次之試算成交價格漲跌超逾3.5%時（如無前一次試算成交價，則以最近一次成交價為準，如仍無最近一次成交價，則以開盤競價基準為準），該個股即暫緩延後至33分收盤，並於13:31繼續接受其買賣申報之輸入、取消及變更，所以13:25至13:30分已送出的委託單不再重新委託。"
變更交易且採分盤集合競價股票，是否會有購買數量限制？,"依據變更交易方法有價證券交易作業辦法第3條「列為變更交易方法之有價證券，證券經紀商於接受委託買賣時，應先收足款券，始得辦理買賣申報…。

第一項有價證券之交易方式得經本公司公告採行分盤集合競價方式，約每三十分鐘以人工管制之撮合終端機執行撮合作業一次」，並無數量限制；另分盤集合競價須先預收券款，並沒有購買數量之限制，如為處置股票，則於買賣張數達標準時需先預收款券。"
鉅額交易之交易時段？,(1)逐筆交易 　　9：00至17：00。 (2)配對交易 　　8：00至8：30。 　　9：00至17：00。
配對交易之委託買賣申報方式？,"(1)配對交易之委託買賣申報方式首由一家賣方證券商代表將當組配對交易資料輸入系統，其輸入項目包括：證券代號、單價、群組代號、該群組各買賣證券商代號、買賣別及各證券商買賣數量等。 
(2)俟證交所將上揭配對交易資料傳送該群組各買賣證券商，該群組各買賣證券商再向證交所傳輸各筆買賣委託明細(包含投資人交易帳號、數量、委託書編號及委託書種類等)。 
(3)證交所接獲該群組所有買賣證券商之申報，經檢核無誤後，當組配對交易申報始成立，系統即撮合成交。"
鉅額交易之買賣申報價格範圍？,逐筆交易及配對交易申報價格範與一般交易完全相同。
鉅額交易之交割期?,無論逐筆交易或配對交易，投資人須採 T+2日交割期。
鉅額交易之最低買賣數額限制？,"(1)單一證券：申報數量至少500交易單位，或申報金額至少1,500萬元。
(2)股票組合：至少5種股票以上，且申報總金額至少1,500萬元。"
鉅額交易是否須對投資人預收款券？,除另有規定外（如全額交割股、處置證券及權證等），證券商得視情況自行決定是否預收款券。
鉅額交易有何限制條件？,"(1)逐筆交易及配對交易不得融資、融券，但得借券賣出，禁止現股買賣當日沖銷。
(2)初次上市普通股除上櫃轉上市者外，自上市買賣日起5個交易日採無升降幅度限制者，不得進行逐筆交易及配對交易。"
鉅額交易資料是否併入行情單計算？,逐筆及配對交易當日成交量值於下午5時以後，併入行情單計算。另其申報及成交價格不作為當日之開盤、收盤價格，亦不作為最高、最低行情紀錄依據，不納入大盤指數計算。
鉅額交易如何控管受託買賣額度？,"(1)逐筆交易及配對交易之買賣申報金額合併一般交易買賣委託金額計算，並依現行機制，買賣申報總金額超逾當日可受託額度時，停止該證券商一般交易、盤後定價交易、零股交易及鉅額交易申報。
(2)同組配對買賣屬同家證券商，且買賣淨額為0者，該買賣委託金額不納入受託額度控管。
(3)經監視業務督導會報決議，證券商每日買賣受處置證券之金額有一定限制（如總公司6千萬元，分公司1千萬元），採逐筆及配對交易買賣者，其買賣金額全數納入計算，不論買賣淨額是否為0。"
鉅額交易如何控管外資買賣額度？,"(1)逐筆交易
A、外資買進申報時，該數量即時累入外資額度控管。
B、外資賣出申報成交後，自外資控管額度釋放該數量。
(2)配對交易：買賣證券商完成當組配對交易申報後，屬外資之買賣採淨額計算，即時納入外資額度控管。"
鉅額交易之錯帳、更正帳號、違約與遲延交割申報方式為何？,(1)逐筆交易與配對交易之錯帳、更正帳號、違約與遲延交割申報作業時間與一般交易相同。 (2)逐筆交易與配對交易錯帳之買賣得與一般交易錯帳之買賣相互沖抵，相抵後餘額得於本公司市場處理，違約部分亦同。
鉅額交易之結算交割方式？,逐筆與配對交易之交易款券併入普通交割之買賣辦理交割，按應收應付相抵後之餘額結算。
開盤前配對交易時段輸入之鉅額交易委託，有效期限為何？,開盤前配對交易時段未成交之委託，於當日下一個交易時段仍屬有效，鉅額交易委託得於未成交前，於各交易時段內撤銷原買賣委託。
投資人如何獲悉當日鉅額交易相關資訊？,"鉅額交易成交資訊除開盤前配對交易於一般交易開市（9:00）後揭露外，其餘均即時揭露，投資人可以下列方式獲得當日鉅額交易資訊：
(1)至證交所基本市況報導網站（https://mis.twse.com.tw/）查詢，揭露資訊項目包括：
A.鉅額交易當日有效買賣價格範圍。
B.逐筆交易未成交委託價量資訊。
C.鉅額交易當日成交價量資訊。
(2)觀看資訊公司揭示系統：鉅額交易成交價量資訊由證交所以市場公告模式傳送資訊公司揭示。
相關網址如下：
證交所基本市況報導網站
http://mis.twse.com.tw/"
鉅額交易對發行量加權股價指數是否會產生影響？,發行量加權股價指數採上市股票之發行股份與成交價計算，鉅額交易成交價格不作為當日開盤、收盤價格及最高、最低行情之紀錄依據，亦不列入當日發行量加權股價指數計算，故對大盤指數不會有影響，相對亦不會影響指數期貨價格。
上市公司內部人得否以配對交易方式轉讓所屬公司股票？,上市公司內部人得依證券交易法第22條之2第1項第2款規定，以配對交易方式轉讓持股，惟其交易對象限於符合證券交易法第22條之2第1項第3款規定之特定人。
鉅額交易申報買賣價格之升降單位為?,"證券鉅額買賣辦法第3-1條:鉅額買賣數量之申報，不以一交易單位或其整倍數為限，得以一股或其整倍數為之。
鉅額買賣價格之申報，升降單位為一分。"
如何查詢鉅額交易制度？,"證交所官網首頁/產品與服務/鉅額交易。
鉅額交易：
http://www.twse.com.tw/zh/page/trading/introduce.html#06"
綜合交易帳戶之受任人是否有資格條件限制？,綜合交易帳戶之受任人應符合本公司營業細則第75條之4之規定，使用證券商開立之綜合交易帳戶代委託人等執行交易之人，無論自然人或法人均可被委託為受任人，本公司並未規定其資格條件。
本公司是否提供綜合交易帳戶授權書或聲明書之範本，供證券商參考使用？,因綜合交易帳戶之授權書或聲明書係規範證券商與受任人及其項下委託人彼此間之權利義務關係，本公司營業細則第75條之4僅對授權書及聲明書訂定原則性規範，另證券商公會已研擬授權書及聲明書中英文範本，請參考證券商公會網站(http://www.twsa.org.tw/letter.asp)。
"如投資人a, b, c委託代表人(指定交易人)以綜合交易帳戶各委託買進A股票4張，惟當日僅成交10張，則代表人(指定交易人)應如何進行分配作業？","代表人(指定交易人)與其委託投資人所簽定之授權書或聲明書，應載明成交價格與數量應如何進行分配，如投資人a, b, c各委託買進A股票4張，惟僅部分成交10張時，自98年5月25日起，除投資人a, b, c各分配3張外，剩餘1張可拆成零股分配予投資人各333股，剩於1股應如何分配，應載明於授權書或聲明書內，並由代表人(指定交易人)將分配明細通知證券商，俾證券商進行後續之成交分配作業。"
如投資人a欲賣出零股500股，投資人b欲賣出零股600股，則代表人(指定交易人)可否將投資人a及b之零股合併成一張整股賣出，另再賣出零股100股？,"依綜合交易帳戶作業要點參、一、(一)規定，「不同投資人之零股得合併成千股之整倍數後，再以綜合交易帳戶申報買賣」，據以代表人(指定交易人)得申報賣出整股1,000股，並申報賣出零股100股，成交後再將整股成交之1,000股拆成零股分配予投資人a及b各500股，另將100股分配予b後，再由投資人a及b之集保帳戶辦理交割。"
證券商受託以綜合交易帳戶買賣時，是否須另訂一份「受託買賣金額分層負責表」？,依「證券商內部控制制度標準規範」規定，各營業員對往來金額較鉅且受託買賣達一定金額以上之客戶，應填寫「受託買賣金額分層負責表」，逐級報請權責主管批准，在核准額度內進行交易。在綜合交易帳戶制度下，亦未排除「受託買賣金額分層負責表」之製作，惟證券商除以個別委託人帳號填寫簽核外，亦得改以受任人為控管對象，填製「受託買賣金額分層負責表」。
綜合交易帳戶成交當日（T日）申報更改交易類別後，T＋1日可否進行部分調整分配？,證券商應先完成申報分配後之成交明細，方得以分配後之各委託人帳戶申報錯帳、更正帳號及更改交易類別等作業。現行因T日及T＋1日均可申報錯帳、更正帳號，故如T日或T＋1日已申報錯帳(尚未為其申報買回或轉賣處理者)、更正帳號者，若T＋1日欲申報部分調整分配，應先行撤銷前次分配後之錯帳、更正帳號，並申報部分調整分配後，再進行後續錯帳、更正帳號申報作業。惟T日申報更改交易類別後，T＋1日不可再進行部分調整分配。
由於歐美地區時差關係，證券商於T＋1日部分調整分配時間是否可由現行下午四時延長至下午六時？,現行證券商進行成交分配作業之時間為T日下午六時前，另部分調整分配之時間為T＋1日上午九時三十分至下午四時前，為提供歐美客戶之代表人(指定交易人) 有更充分時間進行成交分配指示等作業，自98年5月25日起T＋1日證券商申報調整分配時間由下午四時延長至下午六時。
綜合交易帳戶整筆委託發生錯帳時，如輸錯綜合交易帳號(將995555-X誤植為885555-X)；或輸錯證券代號等，該筆交易應如何申報錯帳？,依綜合交易帳戶作業要點第參點六規定，「證券商應先完成申報分配後之成交明細，方得以分配後之各委託人證券買賣帳戶申報錯帳、更正帳號及更改交易類別等作業」。如受託人甲代理外資a、b及c申報以綜合交易帳戶買賣，證券商誤以885555-X帳號申報（或輸錯證券代號），致該筆綜合交易帳戶整筆委託買賣發生錯帳時，則證券商進行分配時，得先將該筆委託分配予其中一外資(如a)並編製一新委託書編號，併同其他分配明細傳送本公司後，再以該筆新委託書編號申報錯帳。
T＋1日進行部分調整分配時，可否分配予尚未開立證券買賣帳戶之個別投資人？,依本公司營業細則第75條之1第2項規定，「證券商對於新開戶之委託人…，且非俟完成開戶手續…，不得接受委託買賣或申購有價證券」，如投資人尚未開立證券買賣帳戶，則證券商於T＋1日進行部分調整分配時，不可分配予尚未開立證券買賣帳戶之個別投資人。
投資人可否使用綜合交易帳戶進行鉅額交易？分配後之成交明細是否須符合鉅額交易之數額標準？,自98年5月25日起，投資人得委託其受任人透過券商之綜合交易帳戶進行鉅額交易，且僅須綜合交易帳戶之委託數額符合鉅額交易之數額標準即可，分配後之成交明細不須符合鉅額交易之數額標準。
以個人帳號成交者可否併入綜合交易帳戶均價？,自98年5月25日起，如券商或受任人將綜合交易帳戶誤植為個人帳號成交後，得將該筆個人帳號更正帳號予綜合交易帳戶後，併入綜合交易帳戶進行均價及申報成交分配明細，另該筆個人帳號之委託明細亦須進行申報。
發行公司是否需先將股權分散，並合於規定標準後，才能向臺灣證券交易所申請上市？,"不需要。
申請上市時毋需符合，於上市掛牌前達成即可。
發行公司可以先向臺灣證券交易所申請上市，上市案經核准後，提出一定比率股份，委託證券承銷商辦理上市前公開銷售，臺灣證券交易所於發行公司完成公開銷售後洽上市掛牌時，確認已達股權分散標準後，始同意掛牌上市。"
外國企業來台常見問題與說明，置於證交所網站何處？,外國企業來臺常見問題與說明，置於證交所網站「上市公司」之「外國企業來臺上市」項下，並且均不定期更新。
發行公司可否僅就其所發行之普通股或特別股向臺灣證券交易所申請上市？,本國發行公司得僅就其所發行之普通股或各種特別股單獨向臺灣證券交易所申請上市；外國發行公司應就其所發行之普通股向證交所申請上市。
哪些證券公司可以申請其股票上市？,證券公司申請其股票上市者，除應符合臺灣證券交易所有價證券上市審查準則相關規定外，並應同時經營證券承銷、自行買賣及行紀或居間等三種業務屆滿五個完整會計年度，且同意依照臺灣證券交易所上市審查準則第十條規定辦理股票集中保管，並取得目的事業主管機關之同意函，臺灣證券交易所始予受理其申請。
準備申請上市之公司，最遲應於什麼時候決定主辦證券承銷商？,"國內公司申請公司需於申報上市輔導契約前，選定主辦承銷商。
國內公司申請上市未明文訂定輔導股票上市期間，係為使上市申請前之輔導期間與登錄興櫃期間(六個月)一致。
至外國公司申請第一上市，需由主辦證券承銷商上市輔導或申請其股票登錄為興櫃股票櫃檯買賣屆滿六個月。若選擇由承銷商輔導六個月者，需於申報輔導契約前選定主辦承銷商。"
初次申請股票上市公司之財務報告，其簽證會計師有何特殊規定？,"國內公司申請上市，其財務報告需經聯合會計師事務所之會計師二人以上共同查核簽證或核閱。
外國公司申請上市，需經主管機關核准簽證公開發行公司財務報告之聯合會計師事務所之中華民國會計師二名出具查核(或核閱)報告，或與前述會計師事務所有合作關係之國際性會計師事務所查核，並由中華民國會計師出具查核(或核閱)報告。"
發行公司申請股票上市之作業流程為何？,申請公司需向臺灣證券交易所提出申請，經證交所承辦人員查核後，擬具審查報告提經台灣證券交易所有價證券上市審議委員會（上櫃轉上市免提審議委員會）及董事會審查通過後，報請金融監督管理委員會備查，申請公司即可委託證券承銷商辦理承銷手續，並於承銷後股權分散合乎標準時，向證交所洽定上市日期，正式掛牌買賣。
從申請上市到正式掛牌買賣，大約需要多久期間？,如果發行公司申請及審查程序順利，申請上市到正式掛牌買賣所需期間：臺灣證券交易所審查本國企業有價證券上市申請案至有價證券上市審議委員會通過期間約為六週，審查外國企業上市申請案則約為六週，證交所董事會每月召開一次，經董事會審查通過並函知申請公司洽掛牌後，須於三個月內（得延長三個月）申請掛牌買賣，合計從申請上市到正式掛牌買賣大約需三至四個月的時間。
股票承銷價格應如何訂定，有無公式可供參考？,股票承銷價格可參考發行公司公開說明書內所揭露訂定承銷價格之依據及方式，依規發行公司應說明承銷價格訂定所採用的方法、原則或計算方式及與適用國際慣用之市價法、成本法及現金流量折現法之比較。
上市公司就其所發行與已上市不同種類之股票，再向臺灣證券交易所申請上市時，是否仍需提出一定比率之股份公開銷售？,依現行規定，仍然需要提出一定比率之股份公開銷售。
股票上市對公司有那些利益？,"1.便利籌措長期資金，加速企業成長。
2.提高公司聲譽，帶動業績成長。
3.促進內部管理健全，增加經營績效。
4.易獲國內外各界之支持。
5.透過市場分散股份，以達利潤分享之均富目的。"
股票上市對股東有那些利益？,"1.易於流通及變現。
2.得為融資融券或金融機構貸款之擔保。
3.透過各方資料提供，瞭解公司財務業務動態。
4.經由上市，公司能取得資金作為下一步發展之動力來源，股東亦可分享此一成長收益。"
如何查詢有哪些股票最近公開申購可抽籤？,"證交所網站首頁>市場公告>公開申購公告。
公開申購公告：
http://www.twse.com.tw/zh/page/announcement/publicForm.html"
如何查詢去年上市(IPO)的公司？,"證交所網站首頁>上市公司>上市公司>最近上市公司（選擇年份）。
最近上市公司：
http://www.twse.com.tw/zh/page/listed/listed_company/new_listing.html"
上市公司還有再發行實體股票嗎？投資人的實體股票如果遺失應如何處理？,"1.自民國95年7月1日起，初次掛牌上市之發行公司需完成無實體登錄作業，始可以申請上市。故目前已不允許上市公司發行實體股票。 

2.投資人的實體股票如果遺失，應依據下列程序辦理相關作業：
(1)向治安機關報案：投資人向治安機關報案後，應填具股票掛失申請書，送交股票發行公司查核登記。遺失的股票如為上市或上櫃股票，發行公司應以最速件通知本公司、證券櫃檯買賣中心、證券集中保管公司及各證券商。
(2)辦理公示催告：申請人向發行公司辦理掛失手續後，應於五日內以聲請狀副本及法院收支收據影本送交發行公司。經法院裁定准許公示催告後，申請人應將登載公示催告裁定之新聞紙二份送交發行公司，其中一份應由發行公司轉送本公司或證券櫃檯買賣中心公告。公示催告期滿後，申請人可向發行公司申請補發新股票。"
網站上是否能查去年整年股市現金增資的金額？,"證交所每月提供當月份上市公司現金增資、新上市公司初次公開承銷、上市公司募集資金總額當月及當年度累計統計。
證交所網站首頁 > 統計報表 > 依統計報表查詢 > 上市公司月報 > 【集中交易市場募集資金相關資訊】月報：
http://www.twse.com.tw/zh/statistics/index/04"
TDR如何配息?,投資人享有TDR所表彰原股之股息、紅利分派及其他股東權益，得經由存託機構領取公司發放之股息及紅利。
如何查詢股份交換法規？,營業細則53-9 或 公司法156條第6項。
申購抽籤的時間？,早上9:00-9:10由電腦抽籤，資料會傳送至各證券商，請投資人洽各證券商詢問。
如何查詢申購筆數？,"證交所網站首頁>市場公告>MIS即時公告>即時公告查詢>公告類別：申購。
即時公告查詢：
http://mops.twse.com.tw/server-java/t39sb01?quick=1"
如何查詢申購合格件數、中籤率、可申購標的、申購期間？,"證交所網站首頁>市場公告>公開申購公告
公開申購公告：
http://www.twse.com.tw/zh/page/announcement/publicForm.html"
如何查詢各上市公司發行海外存託憑證？,"證交所網站首頁＞交易資訊＞三大法人＞國內上市公司發行海外存託憑證彙總表。
國內上市公司發行海外存託憑證彙總表：
http://www.twse.com.tw/zh/page/trading/fund/FMGDRK.html"
如何查詢最近上市公司及申請上市公司明細？,"證交所網站首頁＞上市公司＞上市公司＞最近上市公司/向本公司申請上市之本國公司/外國公司向本公司申請第一上市之公司/向本公司申請發行臺灣存託憑證公司。
最近上市公司：
http://www.twse.com.tw/zh/page/listed/listed_company/new_listing.html"
回臺第一上市指的是在海外都沒上市過嗎?,第一上市是指外國發行人所發行之股票未在國外證券市場掛牌交易，其股票經臺灣證券交易所同意上市者。
TDR回臺上市的申請表格，哪邊可查找？,"證交所網站首頁＞其他連結＞國內業務宣導網站＞上市公司＞上市公司文件下載＞序號D001 臺灣存託憑證上市申請書。
國內業務宣導網站：
https://dsp.twse.com.tw/"
零股、鉅額交易是否可以申請融資融券交易？,零股、鉅額交易不得申請融資融券交易。
投資人欲從事融資融券交易，應如何辦理？,投資人應先與證券商簽訂融資融券契約並開立信用帳戶後，始得向證券商辦理有價證券買賣融資融券之委託。
投資人在同一家可以辦理融資融券業務之證券商，可申請開立多少信用帳戶？,每人以開立一戶為限。
投資人開立信用帳戶後，經多久未從事信用交易，其帳戶即被註銷？,連續三年以上無融資融券交易紀錄者，證券商即註銷投資人開立之信用帳戶並予通知。
投資人開立信用帳戶後，如需自行終止，應如何辦理？,投資人欲自行終止信用帳戶，需填具「終止信用帳戶申請書」，經證券商查明其融資融券債務均已結清時，即辦理銷戶。
證券商就融資融券相關事宜，需通知投資人時，應以何種方式通知？,可以郵寄、符合電子簽章規定之電子郵件或當面簽收方式通知。
投資人委託融券賣出時，其賣出價格有無限制？,投資人委託融券賣出價格並無限制。但當該證券當日收盤價為跌停時，或當日無收盤價者，其收盤時最低賣出申報價格為跌停價時，次一交易日暫停平盤以下融券賣出，再次一交易日即恢復得於平盤以下融券賣出，倘禁止平盤以下融券賣出當日之收盤價又跌停或當日無收盤價者，其收盤時最低賣出申報價格為跌停價時，則次一交易日持續進行價格限制措施，以此類推，但指數股票型基金受益憑證、指數股票型期貨信託基金受益憑證、證券商及期貨商因辦理業務之避險需求所為之融券賣出不在此限。
投資人從事融資融券交易，其交易額超過向證券商申請之額度時應如何辦理交割？,投資人應以現款現券交割。
投資人於融資融券交易成交後，應於何時完成交割？,投資人應於成交日後第二營業日上午十時前，向得為融資融券的證券商繳交融資自備款或融券保證金後，由證券商予以融資融券代辦交割。惟融資買進證券及融券賣出價款餘額應全部做為擔保。
融資自備款、融券保證金如何計算？,按融資買進成交價款扣除融資金額後之餘額，即融資自備款。按融券賣出成交價款乘以規定成數後之金額，即融券保證金。
投資人申請以現款現券償還融資融券之程序為何？,投資人應於申請當日上午十二時前交付款券，並填具「融資現金償還申請書」或「融券現券償還申請書」，經證券商核符後，其融券賣出價款及融券保證金應在次二營業日，交付投資人；融資買進證券或各種抵繳證券，投資人已開立保管劃撥帳戶者，應在次二營業日（申請日後第二營業日）前轉撥入帳。
上市公司停止過戶時，對融資融券交易有何影響？,得為融資融券之有價證券，自停止過戶前六日營業日起，停止融券賣出四日，已融券者應於停止過戶第六個營業日前，還券了結。
得為融資融券交易股票，其股票上市股份與停止、恢復融資買進及融券賣出交易之關係？,"每種得為融資融券交易之證券，其融券餘額加計證券市場借券賣出餘額達該種證券上市（櫃）股份或受益權單位數之百分之二十五時，暫停融券賣出；俟其餘額低於百分之十八時，恢復其融券交易。
每種得為融資融券交易之證券，其融資餘額加計證券商辦理證券業務借貸款項與不限用途款項借貸業務及證券金融事業辦理有價證券交割款項之融通擔保品達該種證券上市（櫃）股份或受益權單位數之百分之二十五時，暫停融資買進；俟其餘額低於百分之十八時，恢復其融資交易。"
如何計算融資融券擔保維持率？,擔保維持率＝（融資擔保品證券市值＋融券擔保品及保證金＋抵繳有價證券或其他商品市值）÷（融資金額＋融券標的證券市值）×100 ％
證券商辦理有價證券買賣融資融券，在何種狀況下應即停止融券？,"每種證券融券餘額與下列各項業務出借餘額合計數，達下列券源數額合計數時，證券商應即停止融券及出借有價證券：
一、出借餘額：
（一）辦理有價證券借貸業務出借餘額。
（二）出借予辦理有價證券借貸業務之證券商或證券金融事業。
（三）於證券交易所借券系統出借證券之出借餘額。
（四）參與標借或議借。
二、券源數額：
（一）融資餘額。
（二）自有有價證券。
（三）向證券交易所借券系統借入之有價證券。
（四）辦理有價證券借貸業務自客戶借入之有價證券。
（五）自辦理有價證券借貸業務或有價證券融資融券業務之證券商或證券金融事業借入之有價證券。"
如何查詢股票是否可融資融券及信用交易？,"1.證交所官網首頁 > 交易資訊 > 融資融券與可借券賣出額度 > 融資融券餘額
分類項目：全部（有顯示都是）
最後一欄註記 「空白」可融資、融券；「O」停止融資；「X」停止融券（詳細符號說明可查看該表下方”註記”說明） 
2.查詢本公司融資融券相關公文，可依下列路徑：
證交所官網首頁國內業務宣導專區＞公文查詢>公文通函查-其它類別查詢－融資融券。"
借款人收到追繳通知後，整戶擔保維持率回升至標準以上，是否仍須補繳差額？,若通知送達日之次一個營業日，投資人整戶擔保維持率回升至130%以上，雖未補繳差額，授信機構暫不處分擔保品，惟嗣後任一營業日，其整戶擔保維持率又低於130%時，投資人應於當日下午自動補足，否則授信機構即自次一營業日處分擔保股票，另外投資人必須將追繳款項全部繳清後，或者整戶擔保維持率回升至166%以上，才取消追繳紀錄。
證交所官網首頁>交易資訊>融資融券與可借券賣出額度>調整成數，多久會恢復?,"當有價證券因下列各種事由經降低融資比率及提高融券保證金成數時，其恢復時點分別說明如下：
1. 調整原因係股價波動過度劇烈、成交量過度異常、股權或受益權過度集中等情事同時發生或交錯發生，須俟均符合下列恢復條件時，本公司於次一營業日恢復。
（1）因股價波動過度劇烈及成交量過度異常時：俟調整原因消滅連續六個營業日時恢復。
（2） 因股權或受益權過度集中時：俟該上市公司、外國發行人或證券投資信託事業檢具資料報本公司，經審核已無股權或受益權過度集中之情事時恢復。
2. 調整原因係因臺灣存託憑證兌回異常：須俟臺灣存託憑證無兌回異常情事時恢復。
3. 調整原因係因符合本公司公布或通知注意交易資訊暨處置作業要點第六條第三項規定者（即第二次處置）：公告時一併公告降低融資比率及提高融券保證金成數之開始及結束日期，結束日期次日即恢復之，惟該期間如再次符合本條調整原因者，再度公告開始及結束日期，恢復日期須俟本次期間結束之次日予以恢復之。"
如何查詢每股淨值低於票面，暫停融資融券(停資停券)交易之有價證券？,"1.證交所官網首頁＞市場公告＞MIS即時公告＞即時公告查詢＞依類別查詢＞選一週內公告 公告類別: 信用交易-其他或信用交易-停資停券。 
2.證交所官網首頁＞國內業務宣導專區＞公文查詢 ＞公文通函查詢–其他類別查詢-融資融券 
3.證交所官網首頁＞關於證交所＞新聞資訊＞證交所新聞。"
如何查詢融資維持率法規？,"證券暨期貨法令判解查詢系統>證券商辦理有價證券買賣融資融券業務操作辦法第53條。
此外，目前證交所無提供融資維持率資訊。"
假除權的相關法規哪裡可以查詢到？,證券商辦理有價證券買賣融資融券業務操作辦法第53條。
融資融券部位，是否能當財力證明?,證券商辦理有價證券買賣融資融券業務操作辦法第39條規定，委託人本人於同一證券商之信用帳戶內，擔保品價值超過整戶擔保維持率百分之一百三十部分之金額。但不含未完成交割之融資融券部位。
未成年子女是否可以開立信用交易戶？,不可以，證券商辦理有價證券買賣融資融券業務操作辦法第37條有規定。
買賣日報表的數字是否有包含融資券？,有。
不在豁免平盤以下不得融券賣出、借券賣出之名單的個股，為什麼當日開盤後交易價格都在平盤以下還是有融券賣出的成交？,專、兼營期貨自營商同時擔任股票選擇權或股票期貨造市者為對沖避險所需，或認售權證發行人、從事結構型商品業務及從事股權衍生性商品交易之證券商、銀行為避險之需求從事融券賣出。其賣出之標的證券豁免平盤以下不得融券賣出、借券賣出。
臨時股東會融券是否需要強制回補？,臨時股東會不需要回補，股東常會、除權息需要回補。
證金公司或自辦券商可否自行調降融資成數？,"可以。
法規規範指最高成數，該公司可就風險調整融資成數至０。"
信用交易何時審查上市公司財務報告每股淨值？,"1. 本公司於國內及第一上市公司每期財務報告（年度、第一季、第二季、第三季）公告申報截止日後第五個營業日審核相關資料，並於當日公告自次一營業日起暫停或恢復信用交易。
(1)每股面額屬新臺幣十元者，審核每股淨值資料，若淨值低於票面者，暫停信用交易；淨值回復至票面以上者，恢復信用交易。 
(2)無面額或每股面額非屬新臺幣十元者，審核有無累積虧損，有累積虧損者，暫停信用交易；無累積虧損者，恢復信用交易。
2.本公司依臺灣存託憑證（TDR）外國發行人所屬國及上市地國法令規定應公告及向主管機關、證券交易所或證券市場申報之期限後之第三個月之最後營業日，審核經會計師查核簽證之最近期年度財務報告或經會計師核閱之半年度財務報告顯示有累積虧損，即公告自次一營業日起暫停該存託憑證信用交易；無累積虧損者，即公告自次一營業日起恢復該存託憑證信用交易。 
3.因財報有前述情事而暫停信用交易之有價證券，發行人得自行檢具公告申報之財務報告，申請恢復融資融券交易，本公司於基本市況報導（MIS）揭示後之第五個營業日審核之，經審核符合條件者，即公告自次一營業日起恢復其融資融券交易。"
股票因財報每股淨值低於票面或因變更交易方法，而被暫停信用交易時，對於已持有融資或融券部位之投資人是否有影響？融券是否需回補？,對於已持有該股票之融資、融券投資人，了結交易不受限制，仍得持有至期限屆滿，無須立刻進行了結、融券無須即刻回補。
如何查詢平盤下可放空股票明細？,"證交所官網首頁＞交易資訊＞融資融券與可借券賣出額度＞平盤下得融(借)券賣出之證券名單。
平盤下得融(借)券賣出之證券名單：
http://www.twse.com.tw/zh/page/trading/exchange/TWT92U.html"
融資融券餘額表中的融資金額，今日餘額所統計的部份是將授信機構借出累計還是投資人自備的金額累計呢？有包含OTC股票融資餘額嗎？,"此一欄位的金額累計是將自辦和代辦性融資借出的金額，從每日授信機構所提供的數據加總，累計的餘額只有上市證券融資餘額，不包含櫃檯買賣中心(OTC)證券融資餘額。
舉例：上市證券A融資6成，投資人以每股10元融資買進1張，授信機構所借出的金額為6,000元加入累計金額。"
為什麼證券商標借某個股時，而投資人於該個股執行標借期間無法融資現償，請問法源依據為何？,證券商辦理有價證券買賣融資融券業務操作辦法中第66條，證券商於證券金融事業公開標借、議借或標購融券差額證券期間，得不受理融資現金償還，但融資到期償還，或委託人申請融資現金償還並以其應得有價證券償還融券者，不在此限。
融資買進後但隔日卻宣布該檔暫停融資融券交易處置，那此股票還能做擔保品嗎？,"1.投資人融資買進後，但隔日卻宣布該檔暫停融資融券交易，該筆融資仍屬有效，投資人交割完畢後，直接提供授信機構作為融資擔保品。

2.若投資人現股買進，但隔日卻宣布該檔暫停融資融券交易，投資人若欲辦理款項借貸，依證券商辦理證券業務借貸款項操作辦法第13條修正條文，考量證券交易實務需要，及維護投資人權益，放寬投資人於買進有價證券成交當日，尚未經證券交易所或證券櫃檯買賣中心監視業務督導會報決議並公告暫停融資融券交易處置者，證券商得受理該買進有價證券，作為第一項證券款項融通之擔保品。"
信用交易融券最後回補日遇天然災害股市休市時，應如何處理?,"依據證券商辦理有價證券買賣融資融券操作辦法第76條規定，上市公司發布因除權除息或召開股東常會停止過戶，本公司即依規辦理停止融券，而融券者須進行回補事宜以進行股東名簿之造冊。
股市若遇天然災害臨時休市，停券或恢復融券賣出作業並不因此順延辦理，惟恰遇融券回補日則順延一日。"
何謂融資及融券？,"融資：就是投資人向證券商或證券金融事業借錢買股票。

融券：就是投資人向證券商或證券金融事業借股票去賣，再趁股價下跌時買回歸還，賺取差價。"
查詢停券、恢復日、最後回補日？,"詳證交所官網首頁＞交易資訊＞融資融券與可借券賣出額度＞停券預告表或停券歷史查詢。
相關網址如下：
證交所官網首頁＞交易資訊＞融資融券與可借券賣出額度＞停券預告表
http://www.twse.com.tw/zh/page/trading/exchange/BFI84U.html"
證券商自有資本適足比率之計算方式為何？,答：依「證券商管理規則」第六章自有資本之管理規定，證券商自有資本適足比率之計算方式，分為簡式計算法及進階計算法。其中簡式計算法為民國87年參酌日本證券商資本適足制度所訂定並實施至今，該制度自實施以降，未曾有計算架構之重大改變。惟隨證券商業務範圍之擴大，為使證券商之資本適足性管理及風險管理能力符合國際水準，並提昇資本計提之精確性及資產配置效率，本公司配合主管機關政策，參酌新巴塞爾資本協定(BaselⅡ)全面檢討證券商資本適足制度之計算方式，研擬證券商資本適足新制度，稱進階計算法。進階計算法經主管機關於97年12月23日發布，第一階段實施對象為國內金融控股公司之證券子公司，於98年1月申報97年12月資料起適用；第二階段實施對象為非屬金融控股公司之綜合證券商，於101年7月申報101年6月資料起適用。未適用進階計算法之其餘證券商仍繼續採行簡式計算法計算。有關進階計算法相關問答集請於本公司官網→「國內業務宣導網站」→「券商輔導」→「證券商自有資本適足比率進階計算法(新制度)」項下點閱。
證券商自有資本適足比率進階計算法與簡式計算法之計算方式有何不同？,"證券商自有資本適足比率進階計算法對於簡式計算法改革重點摘要如下：
(1) 合格自有資本：增加創新資本之承認、固定資產由原列入扣減資產改列為計算信 用風險、增訂持有金融機構發行之合格資本工具應列入扣減資產。
(2) 市場風險：相較於簡式計算法為一種商品乘以搭配之風險係數，進階計算法則採用Basel堆積木法，將部位拆解為利率、權益證券、外匯、商品等四大風險因子，利率及權益證券之風險並進一步區分個別風險與一般市場風險以承認長短部位互抵效果。
(3) 信用風險：引進信用評等制度決定信用風險係數高低、承認信用風險抵減效果。
(4) 作業風險：相較於簡式計算法以營業費用為計算基礎，進階計算法則改採營業毛利為基礎。"
「資本適足性」規定對證券商之經營有何助益？,較高的自有資本比率，可增加證券商承擔風險的能力，有助於證券商健全經營，使證券商除注意獲利能力的提高外，亦需注意資產品質的維持，而證券商全面加強風險管理的結果，將可促使我國證券市場發展更為健全。惟應注意的是，過高的自有資本比率亦可能導致股東投資報酬率降低，故證券商應依本身的需要，維持適當的自有資本比率。
「自有資本比率」過低之證券商，可採取那些措施以提高自有資本比率？,當自有資本比率過低時，證券商可藉提高自有資本或減少扣減資產及風險性資產金額，以提高自有資本比率。其具體可行方法為辦理現金增資、減少現金股利的發放、裁撤虧損部門或分支機構、處分出租或閒置之固定資產、處分長期投資及處分風險係數較高的資產或縮減業務範圍等。
銀行兼營之證券商是否需就其證券業務，依證券商資本適足性制度計算證券業務之自有資本比率？,由於資本適足性制度主要是強調金融機構整體風險的管理，而我國銀行業已於民國八十一年四月十六日實施資本適足性制度，故「證券商管理規則」第五十九條第一項規定，排除銀行兼營證券商之適用，亦即銀行兼營之證券商無需就其證券業務，依證券商資本適足性制度計算證券業務之自有資本比率。
證券商計算及申報自有資本比率之頻率為何？,計算自有資本比率可幫助證券商明瞭其所承擔之整體經營風險，「證券商管理規則」第六十三條第 一項規定，證券商應每月申報自有資本比率，惟俟證券商熟練自有資本比率之計算後，應逐漸縮短計算自有資本比率之頻率，最後以達到每日計算為目標。另同條第三項規定，證券商應將最近期之自有資本適足比率等資訊，於年報中揭露。
為何將自有資本區分為第一類資本及第二類資本？為何將自有資本分類，例如簡式計算法區分為第一類資本及第二類資本，進階計算法則區分為第一類資本、第二類資本及第三類資本？,自有資本之主要功能為吸收營業虧損及承擔營運風險，證券商自有資本金額愈高，代表吸收損失及承擔風險的能力愈強，為區分自有資本各項目對於證券商經營中吸收損失及承擔風險能力的大小，乃依其性質將自有資本分類。
簡式計算法第二類資本的金額大於第一類資本時應如何處理？,可直接承擔證券商損失與風險之項目列為第一類資本，對於證券商在繼續經營的情況下，可以負擔損失及風險的類似資本項目列為第二類資本，但其金額以不超過第一類資本為限，例如某證券商有第一類資本一百億元，第二類資本一百五十億元，則其第二類資本僅能認列一百億元。
我國證券商資本適足制度各項風險係數設定之依據？,簡式計算法各項風險係數之設計，主要係參考國內進行實證的結果、國內銀行業之風險係數及日本模式之風險係數，加以綜合考量而來。主管機關並將不定期檢討修正或委請專家進行實證研究再行調整。進階計算法各項風險係數則參酌BaselⅡ而訂定。
何謂經營風險約當金額？其範圍為何？,"所謂風險約當金額，係指證券商經營業務所面臨之各項風險，未來可能產生損失之金額，其範圍包括市場風險約當金額、信用風險約當金額及作業風險約當金額。其定義如下：
（1）市場風險約當金額：證券商持有部位，發生價格不利變動之風險。
（2）信用風險約當金額：指交易對手不履行交割結算義務之風險。
（3）作業風險約當金額：證券商執行業務疏誤所生之風險。"
證券商自有資本適足制度之特色為何？,"（1）強調整體風險管理，以補強個別風險管理之不足。
（2）不僅著重資產負債表上資產之風險，更擴及資產負債表外之交易風險。
（3）強調市價（而非成本）。 故針對證券商所持有部位，採成本法評價者，在計算自有資本比率時，原則上均應調整為以其公平市價計算。"
外國證券商在台分公司是否適用我國證券商自有資本適足制度？,外國證券商在台分公司原則應適用我國證券商自有資本適足制度，但如其母國之總公司，已依其主管機關之規定計算資本適足比率，且將在台分公司經營風險列入，並符合標準者，可免適用本制度，惟應檢送總公司資本適足比率資料，作為我國證券主管機關審核認可之參考。
計算方法說明中，部分科目後面的編號所指為何？,計算方法說明中，部分科目後面的編號，係指台灣證券交易所股份有限公司「證券商以電腦連線輔助申報財務報表制度」中之證券商會計科目及代碼。
第一類資本與股東權益之內容有何差別？,原則上內容都一樣，惟一的區別是「金融商品未實現損益」科目，如為借方餘額時（即產生金融商品未實現損失）應列入第一類資本作為減項，如有貸方餘額（即產生金融商品未實現利益）則應計入第二類資本，惟進階計算法僅能認列未實現利益之45％。除參採現行日本證券商資本適足率制度外，主要考量列於該科目下之金融商品支應損失之能力稍弱，故未實現利益宜列入補充性的第二類資本，以符保守穩健原則。另進階計算法並承認無到期日非累積次順位債券亦可納入第一類資本範圍。
外國證券商在台分公司適用我國證券商自有資本適足制度時，其股本以何為依據？,外國證券商在台分公司之股本，應以其專撥於我國之營業所用資金替代。
合格自有資本中之“合格”二字有何意義？,"簡式計算法中，第二類資本不得超過第一類資本，當第二類資本超過第一類資本時,其超出部分應視為不合格資本,其餘未超過部分與第一類資本均為合格自有資本。進階計算法中，第二類資本加計使用之第三類資本不得超過第一類資本，當二、三類資本合計超過第一類資本時,其超出部分應視為不合格資本,其餘未超過部分與第一類資本均為合格自有資本。"
特種基金的性質為何？,所謂特種基金乃為特定用途所提存之資產，如償債基金、改良及擴充基金及意外損失準備基金等。惟若提列基金之同時，亦同時認列相等金額之費用者，因其效果已反應在第一類資本，則該提存之基金則不需再列為扣減資產。
證券商持有之債券哪些必須列入扣減資產？,證券商持有之下列債券必須列入扣減資產，否則應計算市場風險約當金額：持有之債券供長期設質、擔保或存出保證金者（長期係指超過一年），必須列入扣減資產，否則應計算市場風險約當金額；另私募之債券、受益證券、資產基礎證券、證券商擔任創始機構專為證券化目的而購入金融資產證券化條例第四條第一項第二款第五目之金融資產、證券商擔任創始機構因信用增強目的而持有之受益證券、資產基礎證券，在簡式計算法下，亦應列入扣減資產。進階計算法下，持有屬金融相關事業所發行之合格資本工具及資產證券化債務工具信用等級較差部位亦須列入扣減資產。
證券商持有之股票哪些必須列入扣減資產？,"證券商持有之下列股票必須列入扣減資產，否則應計算市場風險約當金額：
1. 持有國內未上市、未上櫃及非興櫃之股票或證券商在海外之轉投資事業（不論是否在海外上市、上櫃或再以原 股、存託憑證在國內上市、上櫃）。
2. 供長期設質、擔保或存出保證金之股票，長期係指超過一年。如持有未供長期設質、擔保或存出保證金之已在國內上市櫃股票及興櫃股票以及未供長期設質、擔保或存出保證金之台灣證券交易所股份有限公司、臺灣集中保管結算所股份有限公司與台灣期貨交易所股份有限公司之股票則不必列為扣減資產，但應併入股票項下計算市場風險。
進階計算法下，持有屬金融相關事業所發行之合格資本工具亦須列入扣減資產。"
證券商持有資產證券化之受益證券或資產基礎證券是否應列入扣減資產？,簡式計算法下，持有私募之受益證券、資產基礎證券，以及證券商擔任創始機構因信用增強目的而持有之受益證券或資產基礎證券以及供長期設質、擔保或存出保證金者均須列入扣減資產扣除。非屬扣減資產者，應進一步區分為金融資產證券化受益證券、不動產資產信託受益證券或不動產投資信託受益證券計算市場風險。金融資產證券化受益證券及不動產資產信託受益證券歸類於市場風險之其他債券類，不動產投資信託受益證券則歸類於市場風險之受益憑證類。進階計算法下如金融資產證券化受益證券、不動產資產信託受益證券信用評等等級太低者，亦應列入扣減資產，不動產投資信託受益證券則歸類於市場風險之權益證券風險。
證券商發行認購（售）權證時，向台灣證券交易所繳交之履約保證金是否應列為扣減資產？,證券商發行認購（售）權證時，向台灣證券交易所繳交之履約保證金，應依該認購（售）權證之存續期間而登載於不同之會計科目，長於一年者，應列入存出保證金科目而列為扣減資產，一年以內者，該保證金之性質屬於流動資產，則毋需作為扣減資產。
證券商海外子公司風險如何控管？,證券商轉投資海外子公司之金額，應全數列為扣減資產，對海外子公司所作之保證，亦須計算信用風險約當金額。
簡式計算法債券之存續期應依到期時間（Maturity），還是存續期間（Duration）作為計算基礎？,簡式計算法債券之存續期原則應係依存續期間（Duration）作為計算基礎，惟若證券商未計算存續期間（Duration）者，得以到期時間（Maturity）作為計算基礎。
簡式計算法證券經紀商以附條件交易方式買入之債券（RS），其風險係數應如何計算？,簡式計算法證券經紀商基於短期資金運用以附條件交易方式買入之債券（RS），仍應依所購入之債券種類及其存續期間計算市場風險。
簡式計算法中認購（售）權證及選擇權之風險係數為何？,因權證及選擇權之市值係指權利金，而權利金相較於權證及選擇權之標的資產市價小很多，風險係數應比標的資產風險係數為高，故為標的資產風險係數乘以4。
上市（櫃）股票與未上市（櫃）股票之區分時點為何？,依台灣證券交易所股份有限公司營業細則第四十三條第一項規定：「發行公司申請有價證券上市案經本公司審定，檢具上市契約報奉主管機關核准後生效，該公司即列為上市公司」。櫃檯買賣中心之業務規則雖無類似明文規定，亦應作相同的解釋，故上市（櫃）股票與未上市（櫃）股票應以主管機關核准上市（櫃）契約為區分的時點。另依金管會證期局九十一年一月廿四日(九一)台財證(二)字第０００六００號函規定，證券商持有興櫃股票於計算自有資本適足比率之經營風險約當金額時，若該股票已簽訂上市或上櫃核准契約並辦理承銷者，其計算方式比照上市、上櫃股票之計算方式。
募集中尚未獲主管機關核准成立之基金，其市值應如何決定？,已進行募集但尚未獲主管機關核准成立之基金，應以其面值作為市值計算市場風險。
簡式計算法下資本適足性對於證券商發行認購（售）權證之風險如何加以規範？,證券商發行認購（售）權證後，通常會依標的證券的漲跌狀況持有一定數量之標的證券以規避其風險，故在實務上，如證券商之避險操作得宜，應可將市場風險減至最低。惟證券商發行認購（售）權證後基於避險需求而買入標的股票，雖可抵銷其 Delta風險，但未能包含Vega和Gamma等風險，故簡式計算法下，以標的股票風險係數的40%為風險係數。另針對發行人萬一有避險不足的狀況，發行人另需計算“發行認購（售）權證未避險部位”，計算原則為假設所有投資人於計算日請求履約時，證券商需償付之金額。
為何股價指數期貨較依該指數為標的股票之風險係數為低？,指數期貨風險約當金額的計算方式，係以該證券商所持有之未平倉期貨契約金額乘以風險係數，由於指數的概念相當於一籃子股票，與個別股票比較，投資單一股票的風險包括個別風險及一般市場風險，其中個別風險可以因持有股票種類增加而互相抵銷，一般市場風險則無法因持股分散而互相抵銷，故就股價指數與單一股票比較時，股價指數因個別風險已充分抵銷，具有風險分散效果，其風險係數自應較其標的股票為低，目前簡式計算法規定股價指數期貨應較依該指數為標的股票之風險係數酌減2%，進階計算法下如具充分分散性之股價指數，其個別風險係數亦可由一般股票的8％降至2％。
簡式計算法可轉（交）換公司債如何決定其風險係數？,可轉（交）換公司債的特色，在於其兼具有股票與債券之雙重性質，當其具有轉換價值時，風險與股票相當，當其不具轉換價值時，風險與債券相當。證券商資本適足制度區分可轉（交）換公司債是否具有轉換價值的判斷依據，係以市價是否高於票面價值為準，故當市價高於票面價格時，應以其轉換標的股票的風險係數為準，市價低於或等於票面價格時，則以債券的風險係數為準，依其存續期間長短，適用不同的債券風險係數，但對於發行條件中，賦予債權人得請求公司提前贖回之權利者，應以最近一次提前贖回之日期為準，計算其存續期間，無提前贖回條款，或所訂之一個或數個贖回日期均已過期者，才需以到期還本之日期，計算存續期間。
同一種股票同時在國內外上市，其風險係數如何決定？,採用國內股票之風險係數即可。
簡式計算法外國在台上市（櫃）之原股，應如何訂其風險係數？,應比照台灣存託憑證（TDR），依國內上市（櫃）股票之風險係數計算。
簡式計算法投資國內有價證券之基金受益憑證依其投資標的，區分為債券型、上市股票型及上櫃股票型，而適用不同的風險係數，其認定標準為何？,投資國內有價證券之基金受益憑證依投信及投顧公會之認定，區分出債券型及上櫃股票型，無法歸類於前二類型者，均視為上市股票型。
受託買賣期交所選擇權是否需計提信用風險？,兼營期貨經紀商應計提受託買賣之信用風險，惟若為期貨交易輔助人則無須申報本項目。
簡式計算法區分交易對象風險時，「金融機構」應包括那些機構？,在區分交易對象風險時，「金融機構」應包括銀行、郵匯局、壽險公司、信用合作社及票券公司等機構。
簡式計算法信用交易帳款之風險係數（2%）係如何設定？,該2%之比率係參考日本訂定之。並參考我國的現況，得為融資融券之有價證券，包括上市股票及受益憑證中，除少數上櫃型基金風險係數為20%外，其餘風險係數均為15%，故以15%×14.5%（不區分交易對象之風險係數）＝2.2%，計算結果亦與2%相去不遠，爰將其風險係數訂為2%。
僅兼營期貨輔助業務之證券商，是否需就其客戶未平倉期貨契約金額計算交易對象風險約當金額？,僅兼營期貨輔助業務之證券商，即使客戶之期貨部位發生虧損且未補繳保證金，致損及證券商之權益，其損失係由期貨商而非期貨輔助人負擔，故僅兼營期貨輔助業務之證券商毋需就此部分計算交易對象風險約當金額。
營業員是否要回報未成交之委託?,"臺灣證券交易所股份有限公司證券經紀商受託契約準則第11條:
若成交才需回報。
證券經紀商受託買賣，除屬規定以專櫃競價者外，應按委託書記載事項依序逐筆由電腦終端機輸入證券交易所電腦主機，經接受後列印買賣申報回報單；於成交後列印成交回報單，並即製作證券交易法第八十六條規定之買賣報告書於成交當日通知委託人。
有關前項證券經紀商受託買賣之電腦連線作業，證券經紀商應盡善良管理人之注意義務。如因戰爭、天然災害或其他不可抗力之事故發生，致阻礙電腦連線之正常作業，而不可歸責於證券商者，證券經紀商不負賠償責任。"
如何查詢證券商合併後的電話？,"1.證交所官網首頁>產品與服務>證券商服務>證券商結束營業資料。 
2.證交所官網首頁>產品與服務>證券商服務>證券商總公司基本資料。
證券商結束營業資料：
http://www.twse.com.tw/zh/brokerService/brokerDispearList"
從業人員證照通過，但還沒拿到證書，是否可以先辦理登記之後補件？,從業人員參加測驗通過尚未取得證照時，若證券商先行申報業務人員登記，應先檢核證基會是否上傳測驗合格名單至證券商單一窗口系統，再由從業人員補送證照給券商並留存備查。
證券商的營業櫃台是否有進出限制？,臺灣證券交易所營業細則第80-1條規定，證券經紀商之營業櫃檯、交易室，除董事長、總經理、營業部門經理、分公司經理、內部稽核人員、法令遵循人員及登記合格之業務人員(擔任營業員職務者)外，其他人員不得進入。
因配偶任職證券商從業人員而開立了98開頭的帳戶，但在配偶離職後證券商停止了98帳戶的買賣，但若只賣出而不再使用此帳戶買進可以嗎？,依證券商內部人員在所屬證券商開戶委託買賣有價證券管理辦法第3條規定，證券商內部人員喪失內部人員資格或身分時，應註銷內部人員帳戶或變更該帳戶為一般委託人帳戶才能繼續於同一證券商買賣，或於其他證券商開立帳戶後再以劃撥的方式將股票餘額轉至該帳戶。
去券商看盤，是否可以帶個人的筆電去下單？,不得透過證券商的網路連線下單，若使用個人的網路連線則無限制。
客戶透過券商下單，券商無法將資料傳至證交所時，證交所有那些備援措施？,臺灣證券交易所營業細則第20條第4項規定，證券商因交易傳輸系統發生重大不可抗力事故，致競價設備故障時，得依下列方式擇一行之：一、借用其總公司或分支機構之競價設備時，應於次一營業日前函報本公司備查。二、借用本公司市場備用之競價設備，最多以兩套為限，應先行電話接洽，並檢送加蓋公司章及負責人印章之申請書向本公司申請。使用本公司市場雲端備用競價設備之地點須符合本公司證券商及證券交易輔助人營業處所場地及設備標準。
投信投顧合併，券商對已開立之全權委託帳戶，要使用那個投信投顧之代碼？,使用存續投信投顧公司的代碼，或詢問投信投顧公會(02)2581-7288。
如何查詢證券商總（分）公司資料？,"證交所官網首頁>產品與服務>證券商服務>證券商總公司基本資料或證券商分公司基本資料。
證券商總公司基本資料：
http://www.twse.com.tw/zh/brokerService/brokerList"
投資人於開戶證商無法下單，其損失應向何處求償？,"投資人於開戶證券商無法下單時，若有損失得視證券商是否有過失責任，據以求償。
以天然災害致投資人無法下單而言，因屬不可抗力之故，故證券商無損害賠償之責。"
什麼是「交易異常有價證券　得逕採行特別處置」？,"現行各項「公布注意、處置標準」是對外公開的，投資人皆可自行上網查詢，為避免有心人士意圖操縱股價，卻刻意規避「異常標準」，使善意投資人疏於注意而蒙受損失，或是遇有其他異常情事，如本益比、股價淨值比異常、有嚴重影響市場交割安全之虞、公司資訊虛偽不實有誤導投資人之虞，或經公布或處置措施未發揮警示效果及其他情況等，臺灣證券交易所採取了進一步的強化措施：就是經由「監視業務督導會報」決議，可直接將異常之有價證券公布為注意有價證券，提醒投資人注意交易風險，或直接將該有價證券公布為處置有價證券，採取相關的處置措施，以提升管理的即時性，提醒大眾注意投資風險，維持市場交易秩序。 

「監視業務督導會報」可採取的處置措施包括：款券預收、管制撮合、限制證券商申報買賣金額、通知證券商增繳給付結算基金或暫停信用交易及其他措施等。 

再次提醒您，買賣注意有價證券及處置有價證券可能有更高的價格風險。想要進一步瞭解相關法規與資訊，可直接至本公司網址查詢：

●公布注意、處置相關規定與標準
http://www.selaw.com.tw/LawArticle.aspx?LawID=G0100247
http://www.selaw.com.tw/LawArticle.aspx?LawID=G0100248
●公布注意、處置有價證券資訊查詢
http://www.twse.com.tw/市場公告/公布注意有價證券 
http://www.twse.com.tw/市場公告/公布處置有價證券
●異常、注意、處置有價證券常見問題 
https://investoredu.twse.com.tw/Pages/TWSE_InvestmentQA.aspx?ID=6
相關網址如下:
公布注意、處置相關規定與標準：
http://www.selaw.com.tw/LawArticle.aspx?LawID=G0100247"
有關股市監視相關規定何處可取得？,"股市監視相關規定，例如「臺灣證券交易所股份有限公司實施股市監視制度辦法」、「臺灣證券交易所股份有限公司公布或通知注意交易資訊暨處置作業要點」、「臺灣證券交易所股份有限公司公布或通知注意交易資訊暨處置作業要點第四條異常標準之詳細數據及除外情形」等，可由網站http://www.selaw.com.tw查詢。
相關網址如下：
網站
http://www.selaw.com.tw"
何謂公布注意有價證券？,本公司於有價證券集中交易市場每日收盤後，即分析上市有價證券（不含外國債券、政府債券、普通公司債）之交易，發現有異常情形達一定標準時，為提醒投資人注意，即於市場公告該證券名稱及其交易資訊之內容（漲跌幅度、成交量、週轉率、集中度、本益比、股價淨值比、券資比、溢折價百分比等、借券賣出數量、當日沖銷百分比等）。
何謂公布處置有價證券？,"有價證券之交易有下列情形之一時，本公司即發布為處置之有價證券，並於次一營業日起十個營業日內，對該證券採行處置措施：
一、連續三個營業日經本公司依第四條第一項第一款發布交易資訊者。
二、連續五個營業日或最近十個營業日內有六個營業日或最近三十個營業日內有十二個營業日經本公司依第四條第一項第一款至第八款發布交易資訊者。

另有價證券因連續三個營業日經本公司依第四條第一項第一款發布交易資訊或連續五個營業日依第四條第一項第一款至第八款發布交易資訊，並依本條第二項或第三項規定發布處置，其在計算發布處置基數期間，曾依第四條第一項第十三款公布注意交易資訊者，該有價證券處置期間調整為次一營業日起十二個營業日。"
公布處置有價證券之處置措施為何？,"（一）	該有價證券以人工管制之撮合終端機執行撮合作業(約每五分鐘或每二十分鐘撮合一次，變更交易方法有價證券約每十分鐘或每二十五分鐘撮合一次，變更交易方法且採行分盤集合競價交易方式之有價證券約每四十五分鐘或每六十分鐘撮合一次)。
（二）	通知各證券經紀商於受託買賣交易異常之有價證券時，對全部或委託買賣數量較大的委託人，收取一定比例或全部的買進價金或賣出的證券。
（三）	限制各證券商申報買進或賣出該有價證券的金額。 
（四）	通知各證券商於買賣交易異常的有價證券時，增繳交割結算基金。 
（五）	暫停該有價證券融資融券交易。 
（六）	報經主管機關核准後停止該有價證券一定期間的買賣。"
投資人如何得知公布注意有價證券及公布處置有價證券之資訊？,"公布注意有價證券或公布處置有價證券，本公司透過下列管道公布該證券名稱及其交易資訊或處置內容： 
（一）在本公司市況報導(MIS)公告。
（二）透過網際網路【網址為www.twse.com.tw/市場公告/公布注意有價證券、www.twse.com.tw/市場公告/公布處置有價證券】及投資人服務專線【(02)2792-8188】，提供投資人查詢。
（三）請證券商將該資料於其營業處所公告。
（四）提供該資料予傳播媒體播報、刊載。
相關網址如下：
公布注意有價證券：
http://www.twse.com.tw/zh/page/announcement/notice.html"
為提醒投資人注意交易風險，及維護證券市場交易秩序與交割安全，監視業務督導會報得採取何種措施？,"依股市監視相關規定，可經提報監視業務督導會報決議，得採取下列之措施：
（一）逕行發布該交易異常有價證券為公布注意有價證券，以提醒投資人注意交易風險。
（二）本公司認為有價證券之交易異常有嚴重影響市場交割安全之虞時，或有其他維護市場秩序及交易安全之必要情形，經提報監視業務督導會報決議，得逕行議定處置期間並採取相關處置措施。
綜上，對交易異常有價證券，本公司現行訂定公布注意交易資訊異常標準，對未達上開異常標準發布注意資訊或採取處置者，為保護投資人權益及維護交易市場秩序，可經監視業務督導會報決議，得採取相關公布注意資訊或處置措施。另對已公布處置者，在其股價仍持續交易異常，經研判有必要時，亦可提報監視業務督導會報，得採取相關處置措施。"
投資人的款券交割時點為何？海外投資人經其往來證券商申報遲延交割者，其款券交割時點為何？,成交日後第二營業日上午10時前。海外投資人經其往來證券商申報遲延交割者，其可以延至成交日後第三營業日下午6時前完成款券交割。
證券商的款券交割時點為何？,券為成交日後第二營業日上午10時前；款為成交日後第二營業日上午11時前。
從結算交割的角度而言，證券商在接受投資人下單賣出時，應注意那些事項以降低交割風險？,"一、依據證交所營業細則第79-1條，除了豁免情況外，證券商在接受客戶委託賣出前，須對其存券數量加以核查。
二、證券商如同意客戶在賣出成交後辦理券之撥轉，須確定證券商本身對市場可如期完成交割。"
證券商T+2日何時可以拿到應收款券,證交所是依據證券商完成款券交割的先後，作為辦理證券商應收款券的撥付順序，例如，如證券商在T+2日一早完成款券交割，則證交所帳上足供撥付之款券，即陸續撥予已完成交割之證券商，證券商無須等到上午10時之後就能收到應收款券。證券商如能及早完成交割，證交所就能儘早辦理撥付作業，證券市場整體結算交割作業即能及早完成。
如果投資人款券交割違約，證券商應何時向證交所申報投資人違約？,證券商向證交所申報投資人款券違約的時點為T+2日上午11時
證券商如果在T+2日發現客戶無法完成券項交割，應如何辦理？,證券商可以在上午10時前，經由電腦申報錯帳、投資人違約及海外投資人遲延交割等方式，向證交所申請借券辦理交割。如在上午10時仍有券項不足之部位，將由本公司為其辦理主動借券完成交割。證券商須就其借券交割之部分繳交擔保金。
證券商應繳之借券擔保金應如何計算？何時繳交？,借券應提擔保金以T+1日收盤價計算，其計算方式：T+1日收盤價 x 股數 x 120%，逐筆無條件捨去為元後加總即得應付借券擔保金。有應繳擔保金的證券商須在T+2日上午11點前繳交。
交割借券的券源為何？取借作業如何進行？借券費用如何計算？,"【券源】有意願出借之投資人填具客戶有價證券出借申請委託書，向其往來證券商設定欲出借之證券，存於其集保帳戶中同意取借的未賣出證券即為交割借券券源。

【取借方式】交割借券之券源分為整股及零股(零股交割借券自113年12月30日起實施)分開取借，整股係依據出借費率由低而高依序取借，如相同費率之出借數量超過所需數量，以隨機方式取借；零股取借方式亦為依據出借費率由低而高依序取借，惟如相同費率之出借數量超過所需數量，是按出借數量多至少者依序取借，如出借費率及數量均相同，以隨機方式取借。

【借券費用】 借券費用以實際借券日之收盤價計算，計算方式如下： 借券費用＝實際借券日收盤價 x 股數 x 平均費率； 平均費率=同一股票於被取借人所定不同出借費率之平均。另零股交割借券證券商須負擔出借人之往來證券商轉付出借人零股出借收入之銀行匯費。"
交割需求借券之證券出借後何時可取回？何時可賣出？,集中交易市場收盤後，投資人在集保帳戶內當日未賣出且已同意出借之特定證券的股票都有機會出借。出借後隔日開盤前(次一營業日)借券證券商即歸還證券，故出借後隔日就可以賣出。
為交割需求借券，投資人申請辦理委託出借登記成為出借人後，出借是否一定可以成功?,借券證券商辦理借券手續當日，「有價證券借貸電腦系統」即將所有出借委託書中，出借人登記的同種類出借證券所列的出借費率，由低而高依序取借。如相同費率的出借數量超過當日所需數量時，以隨機方式取借。因此，投資人雖然已辦理委託出借登記，但並不表示其想出借的證券一定可以借出。
對投資人而言，「交割需求借券」之證券出借後，會不會有券無法歸還之風險？,借券證券商辦理借券手續時，須依規定將該種證券T+1日收盤價格及取借數量相乘後120﹪的擔保金繳存在交易所，並每日進行洗價。當借券證券商無法歸還時，交易所即可運用該擔保金補回證券後歸還給投資人。
「交割需求借券」之證券出借後，出借人及經手證券商有何收益？收益如何計算？,"1.借券費率以不超過借券當日該種證券收盤價格的百分之七為限。當證券借出後，依投資人在出借委託書中所填寫的費率乘以出借股數再乘以出借當日該種證券收盤價格後，所得數字就是出借收益。
2.往來證券商除了就收益預先扣繳所得稅外，並可酌收出借收益百分之十以內的手續費。"
「交割需求借券」出借人什麼時候可以收到出借證券的收益？,當出借人的證券完成出借後次一營業日，出借人即可收到出借證券的收益。
如何繳交「交割需求借券」之出借證券所取得相關收入之稅款？,"1.出借證券之出借收入屬租賃收入， 須開立扣繳憑單。 
2.單筆借券費超過20,000元時，借券證券商應代扣稅額，其代扣稅額計算方式為:借券費＊代扣稅率(10%)。 
3.出借證券時，當遇到上市發行公司因辦理除權除息而停止過戶時，其停止過戶日前一營業日出借之證券，將無法參加過戶，亦即不能參加股東會或參加權息分派。因此，為維護投資人權益，有關權息的價值將換算為現金，連同借券費的收入一併交給投資人，借券證券商所給付的權息補償屬於「其他所得」，借券證券商會列單申報，並填發免扣繳憑單。"
如果想出借證券，應該如何申請「交割需求借券」之出借？,投資人應向往來證券商索取客戶有價證券出借申請書，填寫清楚後，就可以辦理出借登記。受託證券商會將出借委託有關資料輸入集保公司的「有價證券借貸電腦系統」，即完成出借委託，在沒有借出前投資人可隨時變更出借委託書內容或取消出借委託登記。
證券商若收到偽造及變造的股票應如何處理？,證券商可先進行初步辨識。如發覺有異狀，再送發行公司股務部門或股務代理請其確認，若確認為偽造及變造的股票，則應向投資人表明拒絕收取該股票，並應向治安機關報案，及發函通報集保結算所，再由集保結算所發函通報主管機關及周邊機構。
投資人的往來證券商如因天然災害而停止上班，則投資人應屆的款券交割應如何辦理？,投資人可以順延一日交割，但在恢復上班日應補行交割。
上市公司還被允許發行實體股票嗎？上市 (櫃)、興櫃公司股票全面換發無實體發行後，股東所持有尚未轉換為無實體之實體舊股票遺失，是否仍須辦理掛失補發手續？,"自民國95年7月1日起，初次掛牌上市之發行公司需完成無實體登錄作業，始可以申請上市。故目前已不允許上市公司發行實體股票。集保結算所已於100年9月1日啟動有價證券全面無實體化。

股東欲向公司換發無實體，仍應將舊股票交回發行公司，發行公司始得受理，倘股東遺失舊股票，自應依股務處理準則第40條規定，依據下列程序辦理相關作業：
1.向治安機關報案：投資人向治安機關報案後，應填具股票掛失申請書，送交股票發行公司查核登記；尚未辦妥過戶者，另增附證券商或出讓人之證明文件。

2.辦理公示催告：申請人向發行公司辦理掛失手續後，應於五日內以聲請狀副本及法院收支收據影本送交發行公司。經法院裁定准許公示催告後，申請人應將登載公示催告裁定之新聞紙二份送交發行公司，其中一份應由發行公司轉送本公司或證券櫃檯買賣中心公告。公示催告期滿後，申請人可向發行公司申請補發新股票。"
一般交割的時間為?,"台灣證券交易所股份有限公司證券經紀商受託契約準則第12條： 

1.證券經紀商接受普通交割之買賣委託，應於委辦時，或成交日後第二營業日上午十時前，向委託人收取買進證券之價金或賣出之證券。

2.證券經紀商向本公司申報境外華僑及外國人與大陸地區投資人遲延交割，應依本公司訂定之「證券經紀商申報委託人遲延交割及違約案件處理作業要點」規定辦理。

3.證券經紀商接受信用交易之買賣委託，應於成交日後第二營業日上午十時前，向委託人依規定收取融資自備價款或融券保證金。"
透過證交所借券系統借券所涉及之稅負問題？,"一、出借人向借券人收取之借券費用，應繳納營業稅及營利事業所得稅。 二、借券人給付出借人之權益補償，若借券人於最後過戶日前已賣出借入標的證券，或出借人選擇以等值現金取代返還有價證券權益時，應繳納營利事業所得稅。 三、借券人提供現金擔保品收取之利息，應繳納營利事業所得稅，但借券人為銀行業或信託投資業者，應另繳納營業稅。 四、有價證券借貸交易不課徵證券交易稅及證券交易所得稅。但若借券人違約，而以現金代替實物返還出借人時，則視同出借人實質賣出借貸標的證券行為應課徵證券交易稅；另，除權基準日仍由借券人持有之未出售借入標的證券產生之權益孳息，借券人如採等值現金方式返還權益補償，應課徵出借人證券交易稅。 五、從事有價證券借貸交易之課稅，依財政部96年8月20日台財稅字第09600210970號令，核釋有關有價證券借貸制度課稅規定，詳細內容請參考本公司網站：
首頁 > 產品與服務 > 有價證券借貸 > 法規、公告、函令
http://www.twse.com.tw/zh/page/products/sbl/law.html"
遇除權息借券也有強制回補之規定嗎？,除權息不強制回補，出借人出借標的證券而未取得之股息、紅利或其他利益等，借券人應償還出借人。
證交所借券系統借券之借券費用如何計算、收取？,定價交易及競價交易之借券費用，以出借之有價證券每日收盤價格乘以數量再乘以成交費率，採逐日逐筆加總計算之，於還券了結後由證券商向借券人收付，經由本公司給付相對證券商，再轉交出借人。議借交易則由雙方自行議定借券費用及收取。
有價證券借貸交易之主要規範為何？,有價證券借貸交易主要規範於「臺灣證券交易所股份有限公司有價證券借貸辦法」及「證券商辦理有價證券借貸操作辦法」。「臺灣證券交易所股份有限公司有價證券借貸辦法」係規範國內外法人或基金從事證交所借券系統借貸交易，應遵守之規定；而「證券商辦理有價證券借貸操作辦法」則規範投資人與證券商從事有價證券借貸交易之相關規定。
何謂證交所借券系統？,證交所借券系統係提供法人或基金為滿足交易及履約等需求，而進行證券借貸交易之平台。參加人必須與證券商簽訂有價證券借貸交易委託書，並開立有價證券借貸帳戶後，才可以進行交易。
證交所借券系統借券之出借人因出借有價證券無法取得之權益，如何補償？,定價及競價交易之出借人因出借有價證券而未取得之股息、紅利或新發行有價證券認購權利等，由借券人經證券商透過本公司借券系統償還出借人。議借交易部分之權益補償，則由雙方當事人協商之。
如何查詢證交所借券系統之借券餘額？,"證交所投資人知識網-投資Q&A 證交所官網首頁>產品與服務>有價證券借貸>借券資訊>借券餘額表。
借券餘額：
%e4%bf%82%e6%8c%87%e5%80%9f%e5%85%a5%e8%ad%89%e5%88%b8%e5%b0%9a%e6%9c%aa%e8%bf%94%e9%82%84%e4%b9%8b%e6%95%b8%e9%87%8f%e8%88%87%e5%b8%82%e5%80%bc%e3%80%82"
如何查詢融券借券賣出之餘額？,"證交所投資人知識網-投資Q&A 證交所官網首頁>交易資訊>融資融券與可借券賣出額度>融券借券賣出餘額。
融券餘額：
%e4%bf%82%e6%8c%87%e5%b7%b2%e7%b6%93%e6%94%be%e7%a9%ba%e4%bd%86%e5%b0%9a%e6%9c%aa%e5%9b%9e%e8%a3%9c%e6%88%96%e9%82%84%e5%88%b8%e7%9a%84%e8%9e%8d%e5%88%b8%e5%bc%b5%e6%95%b8%e3%80%82"
一般投資人可否透過證交所借券系統借券？,一般投資人不可以參加證交所借券系統之證券借貸交易。證交所借券系統之參加人有資格限制，限於國內外法人或基金。
證交所借券系統借券之交易種類？,證交所借券系統借券之交易種類分為三種，定價交易指由借券人及出借人依本公司公告之費率年利率百分之三點五，委託證券商輸入申報，撮合成交；競價交易指由借券人及出借人依最高年利率百分之十六以下，百分之零點一為升降單位，自定出借及借券費率，委託證券商輸入申報，撮合成交；議借交易指由借券人及出借人依最高年利率百分之十六以下，千分之零點一為升降單位，雙方自行議定成交費率之借貸行為。
透過證交所借券系統出借證券，會不會有風險？,定價交易及競價交易之違約風險係由本公司承擔，倘借券人無法返還有價證券，由本公司處分擔保品後買回或借取相同之有價證券或以等值之現金返還出借人，出借人無須承擔相對方之信用風險。惟議借交易之違約風險則由當事人自行承擔之。
什麼是指數股票型基金（ETF）？,"ETF是 Exchange Traded Fund的簡稱，是一種在證券交易所上市的開放型基金，中文叫「指數股票型基金」。ETF在集中市場的買賣方式與股票相同，投資人要進行投資或交易皆相當方便。
ETF的投資目標是追蹤、複製「標的指數表現」，不過ETF的基金經理人不會主動選股或加減碼操作，而是按照指數裡的成分股跟比重來建置投資組合，稱為「被動式管理」。因此，投資人買一張ETF相當於買一個標的指數的成分證券投資組合，風險相當分散。
ETF可追蹤的標的指數不限於股票指數，債券、商品、REITs、貨幣或另類資產指數等皆可以成為標的指數。投資人可藉由追蹤不同資產類別指數的ETF，參與該市場表現。"
ETF商品可以分為幾類？,"現行上市ETF依法規架構分類，可分為三大類型，包括證券投資信託架構ETF（證信託ETF），期貨信託架構ETF（期貨ETF）及跨境上市ETF（境外ETF）。
1.證信託ETF：指國內證券投資信託事業依據證券投資信託基金管理辦法在臺募集發行及上市交易之ETF。
(1)國內成分證券ETF：指該ETF之標的指數成分證券全部為國內證券。
(2)國外成分證券ETF：可分為國外成分股ETF及連結式ETF，國外成分股ETF之標的指數成分證券含一種以上之國外證券；連結式ETF指國內投信公司將國外ETF再包裝後來臺上市交易之ETF。

2. 期貨ETF：指國內期貨信託事業依據期貨信託基金管理辦法在臺募集發行及上市交易之ETF。

3.跨境上市ETF：指境外基金機構委託國內總代理人，將國外ETF直接跨境來臺上市交易之ETF。"
各類ETF的證券代號或簡稱有何不同？,"1. 原型ETF證券代號最後一碼：
(1)「B」是債券ETF
(2)「K」是股票ETF加掛外幣受益憑證；「C」是債券ETF加掛外幣受益憑證
(3)「U」是期貨ETF

2. 槓桿反向型ETF證券代號：
槓桿型ETF最後一碼為L；反向型ETF最後一碼為R

3. ETF簡稱：
自110年3月2日起，期貨ETF(包含原型期貨ETF及槓反期貨ETF）證券簡稱第一個字固定為「期」，以利識別。"
何謂標的指數？,指數是用來衡量各市場或產業走勢之指標，每檔ETF均是追蹤某一個特定指數，所追蹤之指數即為各檔ETF之標的指數。投資人如欲追求某一個市場或產業之股價報酬率，便可直接投資以該市場或產業指數為標的之ETF。例如：臺灣50指數、臺灣中型100指數、臺灣資訊科技指數、電子類加權股價指數、台商收成指數、臺灣金融指數、臺灣高股息指數、MSCI臺灣指數、臺灣發達指數、臺灣高股息指數、金融保險類加權股價指數、未含電子股50指數均為ETF之標的指數。
標的指數成分證券與指數股票型基金（ETF）有何關聯？,"傳統的ETF會直接投資於標的指數的成分證券，從而追蹤標的指數的表現。然而，隨著標的指數的多元化、投資策略的演進、及市場法規和實務操作的限制，部分ETF不直接投資於標的指數的成分股，轉而投資於模擬這些成分證券表現的衍生性金融工具。

雖然這類型ETF的報酬仍可能緊密追蹤標的指數，但投資者除了要承擔ETF透過買入衍生性金融工具追蹤指數的風險外，也要承擔發行有關衍生工具的交易對手本身的信貸風險。"
何處可以買賣指數股票型基金(ETF)？,"透過證券交易帳戶交易ETF是最主要的方式，如同股票一樣，在一般證券經紀商處開戶後即可買賣。
ETF也可以像共同基金一樣，透過銀行採定期定額方式申購，但僅限於少數與ETF發行人合作的銀行。除此之外，自106年1月16日，投資人也可透過證券商辦理定期定額購買ETF。"
如何買賣指數股票型基金(ETF)？,ETF在臺灣證券交易所掛牌買賣，交易與交割方式均與股票相同，為可融資融券、借券之標的，也可以進行當日沖銷、鉅額交易或零股交易。
買賣指數股票型基金（ETF）需要另外開戶嗎？,ETF的交易方式跟股票一樣，帳戶也是共用。因此已經有證券交易帳戶的可以直接買賣，不需要另外開戶，沒有證券交易帳戶的就要先去證券經紀商處開戶後才能買賣。
ETF之交易單位為多少？,"指數股票型基金包括國內成分證券ETF及國外成分證券ETF (含連結式ETF)之交易單位均為1,000受益權單位，而境外指數股票型基金之交易單位則不以1,000受益權單位為限，得由境外基金機構選定之，其可選定與境外市場之交易單位相同(如100或200單位)。"
買賣ETF可以融資融券嗎？,ETF自上市之日起即得為融資融券，並不像封閉式基金有六個月觀察期，且ETF不受平盤以下不得放空之限制，但投資人仍需向往來證券商或證金公司洽詢，確定有券源時，方可融券賣出。
ETF的升降單位和股票是否不同？,為使ETF的價格能充分反映標的指數之變化，當其價格為50元以下者，每一升降單位為1分，為50元以上者，每一升降單位為5分，與相同價格之股票相比，ETF之升降單位較小。
ETF的漲跌幅度是多少？,"一般國內成分證券ETF之漲跌幅度與股票相同為10%，而國外成分證券ETF (含連結式ETF)及境外ETF則無漲跌幅限制。
槓桿型及反向型ETF以國內指數為追蹤標的者，依其槓桿或反向倍數調整漲跌幅度為10%乘以該倍數，例如追蹤國內指數之2倍槓桿ETF，漲跌幅度限制為20%；以國外指數為追蹤標的者，則無漲跌幅度限制。"
買賣ETF需要那些成本？交易稅如何計算？,"買賣ETF的成本包括了一般的交易成本（手續費、證交稅），手續費與股票相同，在0.1425%的範圍內由證券商自行訂定。證券交易稅僅在賣出時課徵，交易稅率為0.1%，比股票0.3%來的便宜。
另自106年1月1日起，暫停課徵以債券為主要投資標的之上市及上櫃指數股票型基金（以下簡稱債券ETF）證券交易稅10年，以提高小額投資人參與債券市場機會。不過免稅範圍僅限於原型之債券ETF，槓桿型及反向型之債券ETF則需課徵證券交易稅。"
ETF是否可以進行零股交易？,所有ETF商品種類，包括指數股票型基金、國內成分證券ETF、國外成分證券ETF (含連結式ETF)及境外指數股票型基金等，上市掛牌第一個營業日起即可進行零股交易。
指數股票型基金（ETF）與股票有什麼不同？,"在交易方式上，ETF與股票完全相同，投資人只要有證券帳戶，就可以在盤中隨時買賣ETF，交易價格依市價即時變動，相當方便且具流動性。
ETF比投資股票多一些好處在於：
1.交易稅率為0.1%，比股票之0.3%便宜。
2.以指數為標的之ETF，其價格走勢與指數走勢大致相同，買進一檔ETF，等於買進其所追蹤指數的一籃子成分股，故對散戶投資人來說，投資一檔ETF即可達到分散風險之效。
在投資組合透明度方面，ETF標的指數根據指數編製機構的基本規則篩選成分股，所挑選之上市公司均經過流通量調整及流動性檢驗，同時日後還會定期調整成分股內容，以確保指數成份股具備市場之代表性及流動性，指數成分股之組成相當透明。"
ETF與開放式共同基金有什麼不同？,"ETF正式定名為「指數股票型基金」，雖然名字聽來跟一般傳統開放式共同基金差不多，但實際上在基金管理方式與交易方式卻非常不同。首先在交易成本方面，傳統開放式基金每年需支付介於1.5%-2.5%之間的經理費，較ETF之經理費約0.3%-0.5%高出甚多；另外，傳統開放式基金申購時需支付1%左右的手續費，ETF則僅於交易時支付證券商最多0.1425%的手續費，與開放式共同基金交易成本相較相對便宜。

另外，在基金管理方式上面，ETF管理的方式屬於：「被動式管理」，ETF經理人不會主動選股，指數的成份股就是ETF這檔基金之選股內容，ETF操作的重點不是在打敗指數、而是在追蹤指數。一檔成功的ETF是能夠儘可能與標的指數走勢一模一樣，亦即能「複製」指數，使投資人安心穩定地賺取指數之報酬率。傳統股票型基金的管理方式則屬於：「主動式管理」，基金經理人將透過積極選股達到報酬率擊敗大盤指數的目的。

此外，在交易方式上，ETF在上市後，交易方式就如股票一樣，價格會在盤中隨時變動，投資人可在盤中下單買賣，十分方便；而傳統開放式基金則是根據每日收盤後結算淨值來交易。"
ETF與封閉式基金有何不同？,"傳統封閉式基金與ETF一樣，同樣是在證券交易所掛牌上市，不過兩者間有些差異，首先，封閉式基金的規模在發行初期就已確定，而ETF的規模則可隨時增加；另外，封閉式基金也與一般共同基金一樣，是主動式管理，目的在於打敗大盤創造績效，但ETF是被動方式管理，強調績效與大盤一致。在投資組合透明度方面，ETF投資組合每天公布，可說相當透明，而封閉式基金的投資標的為每月公布，投資人無法即刻得知，投資組合透明度較差。

此外，ETF有獨特之「實物申購/買回」的機制，透過這樣的機制，ETF並不會像封閉型基金經常會出現很大的折、溢價空間，當ETF市價較淨值出現折、溢價時，套利者會透過「實物申購/買回」的機制來消弭，與封閉式基金極不相同。"
ETF與台指期貨有什麼不同？,"ETF由於與標的指數走勢相當一致，投資人只要觀察標的指數走勢來決定買賣ETF的方向與時點，即可有獲利機會，操作概念類似台指期貨，不過ETF與台指期貨有以下差異：
一、交易方式上，ETF與股票交易相同，而台指期貨則是保證金交易；
二、持有期間上，ETF可以長期持有，但台指期貨會有結算日問題，只能短期投資；
三、ETF可累積現金股利，但台指期貨並沒有股利分派。"
ETF是否會配息？,"ETF有配息機制，但僅分配現金股利，股票股利則累積在基金投資組合中，其配息機制如下:
ETF的發行人會訂定收益評價日，於收益評價日時，如果ETF的累計報酬率大於指數的累計報酬率達一定比率時，ETF發行公司將進行收益分配，分配方式比照股票除息。各檔ETF詳細的配息規定請詳見ETF發行公司的網站及公開說明書。
另投資人在本公司官網ETF專區的ETF分配收益專欄（http://www.twse.com.tw/zh/ETF/etfDiv）亦可相當方便查詢各檔ETF配息之相關訊息。
ETF分配收益專欄：
http://www.twse.com.tw/zh/ETF/etfDiv"
投資ETF對一般投資人有什麼好處？,投資ETF就像投資股票一樣，買賣交易流程就像一般上市股票簡單，對散戶投資人而言，兼具基金及股票優點，為投資者提供一個方便快捷、靈活及費用低廉的投資管道，ETF單筆交易即可直接投資一籃子股票，大幅度的分散投資風險。其他好處尚包括：管理費用可較一般股票型基金低廉，投資標的透明，成份股變動不大；稅賦低，僅在賣出時課徵0.1%證券交易稅；走勢與股市同步，投資人不需研究個股，只要判斷漲跌趨勢即可，是最不費力的投資工具，每日買賣都很方便；在風險分散方面，也比投資單一股票要小得多，也不會發生賺了指數，賠了差價的情況。
ETF是否適合積極型之投資人？,對積極型的投資人來說，可以將指數化投資的ETF搭配自己積極選股之策略，或搭配不同種類的ETF進行資產配置，執行不同的投資組合策略。同時，亦可進行波段操作，調整其投資組合中各種ETF或個股之比率，甚至可採取買進及放空不同指數ETF之操作，以賺取不同指數表現之價差，故ETF也適合積極型的投資人透過不同投資策略，獲取更高的報酬。
ETF對機構投資人有什麼好處？,"目前全球ETF受到很多機構投資人歡迎，在國內發行ETF之後，對國內壽險、持股高的機構法人、股票型基金及平衡型基金、投信投顧代操帳戶、證券自營商等都有潛在的好處。對這些機構投資人來說，投資ETF可以即刻獲得分散風險及複製特定指數表現的好處，另外也可做為指數期貨外的避險及套利工具新選擇。
其次，ETF由於買賣方便，機構投資人也可藉此迅速套現，不須承受大量拋售個別股票對市價衝擊之影響，也沒有個別股票流動性的問題。再者，如能將不同國家、不同地區的ETF納入資產投資組合，也是達到區域性資產分配策略的最有效方式。此外，ETF的投資方式靈活，除了適宜短中長期買進持有之外，也提供信用交易的功能投資人看好趨勢時能夠融資買進增加獲利，看壞趨勢時也可以採取先行賣出，待低價時再進行回補的策略，所以可以做為法人長期持有與避險的核心持股。
由於ETF有追蹤指數投資的特性，因此在美國及英國是退休金資產管理機構最常用的投資工具，根據國外研究報告指出，有超過百分之九十的長期投資報酬率是來自ETF策略性資產配置。"
ETF是獲取市場大盤或產業指數之報酬率，在空頭市場是否不適宜投資？,"由國外知名商品如：SPDR、QQQQ等之經驗顯示，ETF其實在空頭時亦受投資人青睞，因為：
1.在股市熱絡時，投資人比較傾向去追逐高風險的個股，但在股市低迷的階段，投資人若投資ETF，跌幅與大盤或產業走勢相當，相對於個股較為抗跌。
2.ETF可以融券放空，且少了操作期貨空單每月換倉的麻煩，因而適宜作為法人持有股票部位而長期避險的新管道。
當市場指數已跌至歷史低點時，由於再跌空間有限，且可掌握整體大盤或產業走勢漲升契機，避免漲了指數卻押錯個股的遺憾。"
什麼是ETF之「實物申購/買回」(又稱為「創造/贖回」)？,ETF發行人每日會依據基金的投資組合內容公布「實物申購買回」清單(又稱為「創造贖回」清單)。投資人可依據清單內容，將標的指數的一籃子成分股票及約當現金交付ETF發行人而取得「實物申購基數」或其整數倍之ETF；以上流程將創造出新的ETF，使得ETF在外流通量增加，稱之為實物申購。實物買回則是相反之程序，使得ETF在外流通量減少，也就是投資人將「實物申購基數」或其整數倍之ETF轉換成實物申購買回清單的一籃子成分股票及約當現金之流程。
何謂「實物申購基數」？,ETF實物申購/買回的基本單位，稱為「實物申購基數」（又稱為「創造基數」，creation unit）。每一檔ETF「實物申購/買回」的基本單位不盡相同，由於「實物申購基數」大多訂定在50萬受益權單位以上，申贖金額龐大，故通常大部份為機構投資人及證券自營商等機構法人方有能力參與ETF「實物申購/買回」機制。
是否每一家證券商都可以辦理「實物申購/買回」？,只有符合證券交易所規定之最低標準，並與ETF發行人簽約的證券商（即所謂的參與證券商）才能辦理ETF的「實物申購/買回」作業，而且每一檔ETF的參與證券商可能不盡相同。
ETF之「實物申購/買回」作業對ETF有何重要性？,ETF與傳統證券集中市場交易之任何商品有所不同，因為傳統之商品不論是股票或封閉式基金發行後均僅存在次級交易市場，而ETF則是同時存在初級發行市場及次級交易市場，次級交易市場流動性供需不平衡之狀況，得經由初級發行市場之申購買回機制而獲得調節，這二個市場若產生非常密切之關聯性，將使ETF在次級市場之交易價格緊貼淨值，讓一般小額投資人雖然不能如傳統開放式基金直接以淨值申購買回，但能以貼近淨值的價格在次級市場交易，不致產生大幅折、溢價之情形。
ETF之實物申購/買回機制與套利行為有何關聯?,ETF的實物申購/買回機制一方面有助機構法人(或有意願且具備執行能力之投資人)進行套利，另一方面將可促使市場更具效率、增進ETF價格與淨值的趨於一致。
ETF可否像開放式基金一樣採取現金申購/買回？,"發行人在設計ETF商品架構時，會依據成分股市場決定採用實物或現金申購/買回，並且明列於公開說明書及信託契約上。
目前台股ETF可選擇辦理實物(現貨)申購/買回或是現金申購/買回。而成分股含有國外證券者，像追蹤大陸A股指數的ETF，由於現貨具有取得、轉讓及交割上的限制，或是係以投資衍生性商品的合成方式複製指數表現，則多採取現金申購/買回。"
ETF之市價能否貼近淨值？會不會像封閉型基金一樣出現大幅折、溢價？,"ETF在臺灣證券交易所買賣的價格是由市場供需雙方的力量來決定，基本上其市價將非常貼近淨值，目前台股ETF折溢價大多在0.5%以內。
這是因為ETF是開放式基金，且具有獨特之「實物申購/買回」的機制，使參與證券商(PD)與發行人可以依據市場供需來調整上市單位數，在ETF市價較淨值出現折、溢價時，參與證券商會透過「實物申購/買回」的機制來消弭，因此不會像封閉型基金經常會出現很大的折、溢價。"
追蹤國外指數的ETF有哪些種類？,"追蹤國外指數ETF有三種，由業者自行決定採用哪種方式：
1.境外ETF：亦稱雙重上市或直接跨境（Dual Listing）。係將國外已上市之ETF，由國內總代理人引進，直接於臺灣第二上市。目前國際上ETF跨境上市多採此種方式。
2.國外成分證券ETF：指由國內發行機構於台灣募集資金，投資海外指數成分證券，以追蹤海外指數表現的ETF。
3.連結式ETF（Feeder ETF）：指國內發行機構於臺灣發行一檔新的ETF，將其絕大部分資產投資於某一檔境外ETF，經由重新包裝之方式，使投資人間接持有境外的ETF，並間接追蹤海外指數的表現。"
境外ETF、國外成分股ETF與連結式ETF之交易單位為多少？,"境外ETF在第一上市地之掛牌單位價格可能較高，但每張所含的單位數較低，可能為100單位或200單位，與國人習慣的每張為1,000單位相當不同。因此，境外ETF來台上市，每張不限為1,000單位，而係比照其於原境外ETF第一上市地之交易單位，例如：1張為100單位，或1張為200單位。請投資人先確認該檔境外ETF之交易單位後，再下單買賣。
國外成分證券ETF及連結式ETF係屬於一般國內ETF，故其交易單位與股票一樣，每張為1,000單位。"
境外ETF、國外成分股ETF與連結式ETF之交易幣別為何？,ETF均可以新台幣作交易，加掛其他幣別之受益憑證（簡稱加掛ETF），則以其加掛之幣別作交易，加掛ETF之ETF證券代號第六碼為K，投資人可以之識別。
境外ETF、國外成分股ETF與連結式ETF的漲跌幅度是多少？,只要成分股中含有國外證券，包含境外ETF與國外成分證券ETF（含連結式ETF），其漲跌幅度均無設限，不受一般台股10%限制。
含國外成分證券之ETF（包含國內投信發行含國外成分證券之ETF、境外ETF及連結式ETF）投資大陸地區證券市場比重是否仍有限額？,"依據現行法規，國內投信於國內募集的證券投資信託基金投資大陸地區證券市場之有價證券以掛牌上市有價證券為限，國外成分證券ETF亦適用。
至於境外ETF，目前境外基金投資大陸地區證券市場掛牌上市有價證券占該境外基金總投資之比率，不得超過10%；投資港澳H股、紅籌股則不設限。但只要經金管會核准之境外ETF或連結式ETF，其投資陸股的比率均得不受限制。"
大陸目前仍限制海外投資者參與，臺灣市場上追蹤大陸股市指數之ETF是如何操作的？,大陸地區目前僅開放海外投資者以QFII或RQFII身分及額度得直接投資A股。過去由於QFII或RQFII身分及額度的取得極為困難，ETF多只能投資國際投資銀行以其QFII額度發行之衍生性商品以間接投資A股，投資組合內為各項衍生性商品的組合而非一籃子現股，稱為「合成複製法」，元大寶來滬深300ETF即採合成複製方式投資。中國大陸政府擴大QFII額度及申請資格後，臺灣投信業者陸續取得QFII身分及額度，而投信所發行之ETF便可透過QFII直接至中國大陸投資A股，投資組合為一籃子A股現貨，稱為「QFII A股ETF」，富邦上證180ETF、元大寶來上證50ETF及復華滬深300ETF即採這樣的直接投資方式，ETF的追蹤誤差及折溢價皆較低。未來RQFII開放予臺灣業者，應可進一步降低ETF在資金匯出入上的成本，嘉惠投資人。
投資國內成分證券ETF的風險與報酬為何？,"投資風險與報酬是投資人在決定投資之前所必須先要了解的最重要的課題。
投資指數股票式基金（ETF）的投資報酬有二：
1.買進與賣出ETF的價差報酬
2.持有ETF所派發的股息收入
而其投資風險可歸納為以下:
1.被動式投資風險：ETF並非以主動方式管理，基金經理人不試圖挑選個別股票，或在逆勢中採取防禦措施。
2.流動性風險：ETF流動量提供者是負責提供ETF買賣報價，方便投資人買賣ETF。儘管ETF大部分有一個或以上的流動量提供者，但若有流動量提供者失責或停止履行報價義務，投資人可能會有買不到或是賣不掉ETF的風險。
3.市場風險：ETF的價格會因各種市場因素而波動。
4.追蹤誤差風險：由於ETF的基金發行公司(投信公司)會向基金持有人收取管理費用、加上基金資產與追蹤指數成份股之間存在少許差異，可能會造成ETF的資產淨值與股價指數間存在追蹤誤差之風險。"
投資境外ETF、國外成分股ETF與連結式ETF有哪些風險需要注意？,"境外ETF、國外成分股ETF與連結式ETF除上述的一般被動式投資風險及流動性風險外，尚有下列風險：
1.市場風險：
(1)境外ETF、國外成分股ETF與連結式ETF價格無漲跌幅限制，價格波動可能較大。
(2)台灣交易時間與境外不一致，若台灣市場收盤後，境外發生重大事件，將造成在台上市之境外ETF、國外成分股ETF與連結式ETF延遲反映市價。
2.追蹤誤差風險：
基金發行人收取之管理費、基金資產與指數成分股之差異、匯率波動、基金流動性等，皆可能造成境外ETF、國外成分股ETF與連結式ETF之資產淨值與股價指數間存在較大落差。
3.匯率風險：
境外ETF、國外成分股ETF與連結式ETF係以台幣計價交易，但其投資組合係以外幣計價之資產為主，故會受到外幣匯率波動影響。
4.交易對手風險：
若原境外ETF投資組合績效係與交易對手經由契約操作而達成，則境外ETF將可能發生交易對手無法履約之信用風險。例如目前中國因有QFII投資限制，因此於香港上市之中國ETF無法直接持有中國證券做為其投資組合，係與交易對手方經由契約操作而達成，所以香港的中國ETF便會產生交易對手信用風險。

此外，連結式ETF由於經過再包裝，且基金內含衍生性金融商品之操作，可能產生以下商品架構風險：
1.資訊透明度：再包裝將使資訊透明度下降。
2.費用收取：經過再包裝，將產生兩層管理費用。
3.發行人風險：投資人須同時承受境外及國內兩發行人之信貸及管理風險。
4.槓桿操作風險：衍生性金融商品為保證金交易，若部份資金從是期貨，基金將產生槓桿操作之投資風險。"
在哪裡可以看到每檔ETF的相關資訊?,"投資人在本公司官網ETF專區內可查詢ETF法規及商品介紹。另外在公開資訊觀測站中「投資專區」之「基金資訊」欄內可以查詢每檔ETF的基本資料、ETF每日淨值、ETF每週投資產業類股比率、每月持股前五大個股、基金每季持股明細。如果是境外ETF，除上述資訊外，另外還可查得基金每日淨值及漲跌幅度。連結式ETF更可取得基金與所追蹤的境外指數間的表現比較資訊。
ETF專區：
http://www.twse.com.tw/ETF"
ETF的公開說明書或財務報告應該如何取得？,"投資人可於本公司的公開資訊觀測站「投資專區」之「基金資訊」，下載每檔ETF最新修訂的基金公開說明書及基金財務報告參考。
相關網址如下：
公開資訊觀測站
http://mops.twse.com.tw/mops/web/index"
投資境外ETF與連結式ETF之相關費用有哪些?,"投資人於買賣境外ETF與連結式ETF時，和股票一樣，須支付證券商手續費，上限為買賣金額的0.1425%，實際比例由證券商訂定之。
另外，由於投資境外ETF與連結式ETF，尚須支付以下費用。由於連結式ETF係由國內發行業者重新包裝後上市，因此較境外ETF之費用為高，說明如下：
 
1.基金管理費：
(1)由原境外ETF之基金管理者收取，惟目前追蹤中國指數之ETF因受中國QFII投資限制，故管理費較高。
(2)若投資連結式ETF，除了原境外ETF所收取的基金管理費，國內發行業者將額外收取一筆連結式ETF的基金管理費。國內發行業者收取之基金管理費，請詳見公開說明書。
 
2.保管服務費用：
(1)主要為保管原境外ETF一籃子成分證券的服務費，由股務保管機構收取。基金的成分證券越複雜，收取保管服務費的費用越高。此外，保管連結式ETF之成分證券（即原境外ETF及其他衍生性商品），亦須額外收取保管服務費用。
無論是管理費或是保管服務費用，均為每日計算並從基金淨值中扣除，實際費率請參考公開說明書。"
投資境外ETF與連結式ETF之稅賦規定為何？,"投資境外ETF與連結式ETF須繳納證券交易稅及所得稅，說明如下：
 
1.證券交易稅：
賣出時按實際成交金額課徵0.1%的證券交易稅。
 
2.所得稅：
(1)現金股利所得稅：
對個人或總機構在我國境外之營利事業，境外ETF與連結式ETF分配之現金股利收益屬於境外來源所得，目前免納所得稅，惟最低稅負制正式實施後，個人取得境外來源所得應依所得基本稅額條例規定課徵基本稅額。總機構在我國境內之營利事業或團體法人取得境外ETF與連結式ETF分配之現金股利收益，則併同中華民國來源課徵所得稅。
(2)證券交易所得稅：
目前免徵證券交易所得稅。"
境外ETF的市價能否貼近其淨值，會不會出現大幅折、溢價？與第一上市地的市價會不會有差異？,由於境外ETF為國外已發行之ETF直接於臺灣跨境上市，和在國外流通的ETF是同一種證券，若臺灣市場的境外ETF市價偏離淨值，參與證券商可跨境撥轉境外ETF部位，調節臺灣市場境外ETF的供需，使境外ETF在臺灣的折溢價得以消弭，較不致於出現大幅度折溢價的情形。
連結式ETF的市價能否貼近其淨值，會不會出現大幅折、溢價？與原境外ETF的市價是否會有差異？,"連結式ETF 90%以上資產皆投資於國外某一檔ETF，但是仍有少部分需透過衍生性金融工具的主動式操作，以達到100%的風險暴露，該比例由國內發行機構自由決定，可隨時微調，因此若衍生性金融工具的操作部位較大，連結式ETF的淨值波動可能較大且較難估算，可能出現連結式ETF市價與其淨值不一致的情形。另外，由於連結式ETF係間接追蹤指數表現，追蹤誤差也可能較大。
臺灣證券交易所公開資訊觀測站中每日會公布基金淨值、原境外ETF之淨值與國外市場之市價，連結式ETF之基金投資組合內容及比率則每周公布，投資人買賣連結式ETF時，應特別注意相關資訊。"
境外ETF與連結式ETF的「申購/買回」機制與國內一般ETF有何不同？,"境外ETF為直接跨境上市之國外ETF，採總代理人制，發行人仍為國外業者。境外ETF於國內之申購與買回，係經由國內參與證券商為之。連結式ETF架構上歸類為國內ETF，採取現金或實物申購/買回係依據信託契約辦理。
詳細作業方式，請洽境外ETF總代理人、連結式ETF發行人或參與證券商。"
如何可以快速取得每檔或全部上市ETF之最新及歷年收益分配資料？,"可連結臺灣證券交易所公司網站ETF專區之「ETF分配收益」頁面，即可查詢到每檔或全部上市ETF之最新及歷年收益分配資料。
相關網址如下：
臺灣證券交易所公司網站ETF專區
http://www.twse.com.tw/ETF"
什麼是槓桿型及反向型ETF？,指利用期貨和資產交換（Swaps）等衍生性金融工具，獲取倍數於追蹤指數報酬率的新型態ETF。若「單日」能達到當日標的指數表現或其倍數之報酬率(常見2~3倍)稱為「槓桿型ETF」，若「單日」能達到與當日標的指數表現相反或相反倍數之報酬率(常見反向1~3倍)則稱為「反向型ETF」。槓桿及反向ETF適合願意接受高風險高報酬的短線投資人。
槓桿型及反向型ETF與傳統ETF的差異？,槓桿型及反向型ETF與傳統ETF商品的均為證券投資信託基金辦法中所定義之指數股票型基金，均為被動式投資商品，惟傳統ETF乃追蹤、模擬或複製標的指數表現，而追蹤、模擬或複製標的指數正向倍數表現者為槓桿型ETF，追蹤、模擬或複製標的指數反向倍數表現者則為反向型ETF。傳統ETF以持有與指數成分股相同之股票為主，槓桿型及反向型ETF則透過投資期貨商品取得需要的曝險比率以達成投資倍數，並持有相當比例之現金部位以為期貨之保證金。
槓桿型及反向型ETF與期權商品的差異？,槓桿及反向型ETF依法規屬於有價證券類，不同於期貨與選擇權的證券相關商品類。因此，槓桿及反向型ETF無須另外開立保證金帳戶，沒有保證金追繳的壓力及風險，也沒有到期風險。槓桿及反向型ETF的報酬率是可預期的，因投資人在買賣時即已選定2倍或負1倍等等倍數的ETF。
槓桿型及反向型ETF的產品特性？,(1)具備每日調整機制，基金經理人會每日調整，以達成單日指數報酬率之倍數報酬。(2)投資的複利效果，槓桿及反向型ETF大多數提供2倍至3倍正向或反向的指數投資收益，故報酬波動率也同樣提升了2倍至3倍，使複利效果大幅度的影響長期投資報酬率。
槓桿型及反向型ETF的投資人交易特性？,槓桿及反向型ETF因報酬型態較傳統ETF波動性高，故投機概念也比傳統ETF高，主要為短期買賣進出，有別於傳統ETF投資者多為買進持有(Buy and hold)，主要為長期投資。
槓桿型及反向型ETF的投資人適格性要求為何？,"投資人初次委託買賣槓桿型及反向型證信託ETF與槓桿型及反向型期貨ETF，除須簽具風險預告書，並應具備下列條件之一：
1.已開立信用交易帳戶。
2.最近一年內委託買賣認購（售）權證成交達十筆（含）以上。
3.最近一年內委託買賣臺灣期貨交易所上市之期貨、選擇權交易契約成交達十筆(含)以上。
投資人*指除專業機構投資人、證券投資信託事業所經理之私募證券投資信託基金、期貨信託事業對符合一定資格條件之人募集之期貨信託基金、證券投資信託事業或證券投資顧問事業或證券經紀商兼營證券投資顧問事業所經理之全權委託投資帳戶及期貨經理事業所經理之全權委託投資帳戶等之投資人。"
槓桿型及反向型ETF與傳統ETF的相同之處？,兩者皆屬於被動式管理的投資方式、買賣方式相同、證券交易稅率相同、股價升降單位相同、及皆可作信用交易。
一般投資人可於何處委託買賣於證交所掛牌之槓桿型及反向型ETF？,一般投資人可找證券經紀商，與依投資一般股票、ETF相同委託方式。
槓桿型及反向型ETF與期貨ETF有何相同處？,兩者資產投資組合皆包含期貨，一般投資人初次買賣前皆須簽署風險預告書。
投資人交易槓桿型及反向型ETF需要透過下列哪一帳戶進行？,證券帳戶
投資槓桿型及反向型ETF對一般投資人有哪些特色？,可創造槓桿效果，可提供簡易的避險工具，比傳統ETF容易觸及停損點及停利點，沒有保證金追繳及契約到期的風險。
投資槓桿型及反向型ETF對機構投資人有哪些特色？,產品更多樣化，提供期貨之外的避險工具，更彈性及多樣化的交易策略應用
目前我市場槓桿型及反向型ETF是否可以進行信用交易（融資融券）？,可以，融資成數與一般上市股票、ETF相同最高為六成，融券保證金成數亦與一般股票及ETF同皆為最低九成。
請問我市場槓桿型及反向型ETF之證券交易稅為多少？,與ETF相同為0.1%，比股票低。
標的指數成分股僅含國內成分股之槓桿型及反向型ETF，漲跌幅度限制為？,以國內指數為標的之槓桿及反向型ETF，放寬漲跌幅度為槓桿倍數乘以10%。
標的指數成分股含國外成分股之槓桿型及反向型ETF漲跌幅度限制為？,以國外指數為追蹤標的者，無漲跌幅度限制。
槓桿型及反向型ETF的實際範例說明？,"槓桿型ETF為每日追蹤標的指數收益正向倍數的ETF，舉例來說，如槓桿倍數為2倍時，標的指數上漲1%，2倍槓桿型ETF追蹤上漲2%；標的指數下跌1%，2倍槓桿型ETF也追蹤下跌2%。

反向型ETF則為每日追蹤標的指數報酬反向表現之ETF，如反向倍數為1倍時，標的指數上漲1%，反向型ETF追蹤下跌1%；標的指數下跌1%，反向型ETF也反向追蹤上漲1%。"
槓桿型及反向型ETF是否會配息？,"由投信公司自行決定，詳細資訊會記載於公開說明書中。ETF公開說明書可至本公司ETF專區「槓桿型及反向型ETF」選項下查詢。
ETF專區：
http://www.twse.com.tw/zh/ETF/news"
槓桿型及反向型ETF是否可作為權證標的？,臺灣證券交易所將於該檔槓桿型及反向型ETF上市一段時日後，向主管機關申請核准該檔ETF作為權證標的。
何謂槓桿型及反向型ETF的複利效果，請舉例說明？,假設第一天標的指數漲5%，第二天標的指數再漲5%，則2倍槓桿ETF報酬率將為(1+10%)x(1+10%)-1=21%，並不是20%(=10%+10%)。同樣地，假設第一天標的指數漲5%，第二天標的指數跌5%，2倍槓桿ETF報酬率將為(1+10%)x(1-10%)-1= -1%。
何謂槓桿及反向指數？,"槓桿及反向指數乃由原追蹤標的指數編製而成，將標的指數之每日槓桿或反向倍數報酬，顯示於指數波動中。

追蹤槓桿及反向指數之ETF，價格表現與其追蹤指數一致。投資人可藉由相關槓桿及反向指數的績效與走勢，了解商品的特性與風險。追蹤一般指數之槓桿型及反向型ETF，投資人則須考量，因複利效果所造成的指數走勢不一定與ETF走勢一致之現象。"
盤中預估淨值為何，投資人要如何查詢？,"盤中預估淨值為發行商以其基金成分內容之即時市價計算而成，依本公司基本市況報導網站更新頻率申報。盤中預估淨值為指數股票型基金投資人評估投資策略之重要資訊， 投資人可至發行人網站，查詢ETF盤中即時預估淨值，了解市價與淨值是否有所偏離。本公司基本市況報導網站之ETF行情，亦與發行人網站作連結，投資人亦可與基本市況報導網站中點選「查詢淨值」連結。

槓桿型及反向型ETF因每日均需動態調整，所衍生之交易費用會侵蝕ETF之獲利，盤中預估淨值與盤後揭露之實際淨值價格可能差距會較一般傳統型態ETF為高。
基本市況報導網站
http://mis.twse.com.tw/stock/group_etf.jsp?ex=tse&amp;ind=B0"
什麼是指數投資證券（ETN）?,ETN為證券商發行，於到期時支付與所追蹤標的指數表現連結之報酬，並在證券交易市場交易，且投資人之申購、賣回採現金交付之有價證券。ETN不持有任何資產，不保本、無擔保且無第三方保證，投資人持有的是發行證券商承諾到期給予和追蹤指數表現完全相同的報酬，另扣除固定的投資手續費用，因此理論上不存有追蹤誤差。
何謂標的指數？,指數是用來衡量各市場或產業走勢之指標，每檔ETN均追蹤某一個特定指數，所追蹤之指數即為各檔ETN之標的指數。投資人如欲追求某一個市場或產業之股價報酬率，便可直接投資以該市場或產業指數為標的之ETN。
何處可以買賣ETN？,ETN可透過證券交易帳戶交易，如同股票一樣，在證券經紀商處開戶後即可買賣。
如何買賣ETN？,ETN在證交所上市交易，交易與交割方式均與股票相同，惟ETN不得進行當沖、信用交易、借券、零股交易、定期定額投資，亦不得為權證標的及擔保品，或以綜合交易帳戶交易。
買賣ETN需要另外開戶嗎？,ETN的交易方式跟股票一樣，因此已經有證券交易帳戶就可以直接買賣，不需要另外開戶，如無證券交易帳戶須先至證券經紀商處開戶後才能買賣。
買賣ETN需要那些成本？交易稅如何計算？,買賣ETN的成本包括交易手續費及證券交易稅。交易手續費與股票相同，在0.1425%的範圍內由證券商自行訂定。證券交易稅僅在賣出時課徵，交易稅率為0.1%。
ETN與ETF有什麼不同？,ETF無存續期間，實際持有資產以複製指數表現，不可避免地產生追蹤誤差；ETN具有存續期間及到期日，不持有標的指數成分資產，投資人購買ETN，並沒有真正投資於其所追蹤的指數成分股，投資人在ETN到期時，得到的就是依該指數漲跌相同比例的金額，扣除固定的投資手續費用，理論上不存在有追蹤誤差，惟投資人需承擔發行人之信用風險。且ETN所募集資金之用途未如ETF有較嚴格之規定，由發行人自由運用，並於公開說明書中揭露。
投資ETN對一般投資人有什麼好處？,ETN投資領域具較大彈性，追蹤標的多元；ETN買賣交易流程簡單，投資稅負低，僅在賣出時課徵0.1%證券交易稅；ETN由發行人承諾到期給予和追蹤指數表現完全相同的報酬，另扣除固定的投資手續費用，理論上不存在有追蹤誤差。
投資ETN有什麼風險？,投資人買賣或委託證券商辦理申購、賣回ETN時，應簽具風險預告書，證券商始得接受委託。ETN為無擔保之債務證券，並無任何資產作為抵押，完全倚賴發行人之償付能力，故ETN最主要風險為發行人之信用風險，不過主管機關為控管信用風險，對ETN發行人資格及上市條件均有嚴格規範。此外ETN亦有不保本、折溢價風險、終止上市風險、流動性風險、槓桿效果風險等。
何謂指標價值？投資人要如何查詢？,ETN不持有標的指數成分資產，無法計算淨資產價值。發行人根據標的指數之漲跌幅度，計算出ETN應有之參考價格，稱為指標價值。投資人可至發行人網站，查詢ETN即時指標價值，了解市價與指標價值是否有所偏離。本公司基本市況報導網站之ETN行情與發行人網站作連結，投資人亦可至基本市況報導網站查詢：(https://mis.twse.com.tw/stock/etn_nav.jsp?ex=tse)。
投資認購(售)權證有那些管道？,"發行市場：權證上市前之銷售期間，投資人可向權證發行人登記申購 。
次級市場：權證掛牌上市後，投資人可利用現有帳戶買賣，但為使投資人充分了解其風險，初次買賣需填具風險預告書。"
認購權證與認售權證有什麼不同之處？,認購權證屬於買權，其持有人有權利在特定期間內(美式)或到期日(歐式)，以約定履約價格向發行人購入一定數量的特定股票，或以現金結算方式收取差價，投資人看多則買認購權證；反之認售權證屬於賣權，其持有人有權利在特定期間內(美式)或到期日(歐式)，以約定履約價格向發行人賣出一定數量的特定股票，或以現金結算方式收取差價，投資人看空則買認售權證。
如何從權證代號區別認購權證、認售權證、以外國交易所之指數或有價證券作為標的之權證、牛熊證及展延型牛熊證？,"（1）認購權證之代號為6個阿拉伯數字，編號從030001至089999。
（2）認售權證之代號為5個阿拉伯數字加上英文字母 P 或 U 或 T ，編號自 03001P至 08999P 、 03001U 至 08999U 及 03001T 至 08999T。
（3）以外國交易所之指數或有價證券作為標的之認購權證代號為5個阿拉伯數字後加上英文字「F」，編號從03001F至 08999F。 
（4）以外國交易所之指數或有價證券作為標的之認售權證代號為5個阿拉伯數字後加上英文字「Q」，編號從03001Q至 08999Q。
（5）牛證之代號為5個阿拉伯數字後加上英文字「C」，編號從03001C至08999C。
（6）熊證之代號為5個阿拉伯數字後加上英文字「B」，編號從03001B至08999B。
（7）展延型牛證之代號為5個阿拉伯數字後加上英文字「X」，編號從03001X至08999X。
（8）展延型熊證之代號為5個阿拉伯數字後加上英文字「Y」，編號從03001Y至08999Y。"
投資以外國證券或指數為標的之權證應注意哪些事項？,因該類權證之標的係屬外國證券或指數，其交易及履約型態有別於一般以國 內證券或指數為標的之權證，例如該類權證交易無漲跌幅限制、外國證券交易市場休市或中場無交易時，其流動量提供者將不提供報價、限發行以現金結算之歐式權證等，且因履約價格以原幣訂定，到期履約時，其履約價格須先乘以當天台灣銀行即期匯率之中價，再計算履約價值。因此，投資人在投資前須詳閱該類權證之公開銷售說明書。
買賣權證有甚麼交易成本？,買賣權證如同買賣股票一樣，買進時要繳交手續費，賣出時除前開手續費外亦需繳交交易稅(成交價×千分之1)。
標的證券除權息時，權證履約價格及行使比例是否須調整？,"遇標的證券除權息時，股票市價將會調整，此時權證履約價格及行使比例須依照各家發行人上市公告及公開銷售說明書所載之公式調整。
假設台積電認購權證之履約價格為80元(K)，行使比例為1：1(N)，若台積電定在3月8日除權/息，3月7日( 除權/息前一營業日)收盤價為90 元(S)，3月8日之除權/息參考價為 65 元(S’)，則台積電認購權證在3月8日當天之履約價格(K’)及行使比例(N’)調整如下：
履約價格(K’)=調整前履約價格(K) × S’/S = 80 × 65/90= 57.78元
行使比例(N’)= S/S’=1.384，即履約時一單位台積電認購權證可認購1.384股台積電股票。
《上例為假設，其中S’、K’、 N’之公式，須依照各家發行人公告公式計算。》"
行使比例之不同是否會影響履約金額？,以認購權證為例，行使比例代表1單位權證可認購若干標的股票，例如1：0.5之行使比例，代表1單位權證可認購0.5股標的股票。依據認購權證之履約公式，履約金額=(結算金額-履約價格) × 權證數量× 行使比例-手續費-證券交易稅，故行使比例之不同會影響履約金額。
權證履約給付有那幾種方式？,"1. 證券給付。 
2. 現金結算。 
3. 證券給付但發行人有現金選擇權。 
4. 證券給付但投資人有現金選擇權。 
5. 證券給付但發行人得選擇以現金結算，如到期具履約價值而未申請履約者， 發行人將以權證到期日標的證券收盤前六十分鐘內成交價格之簡單算數平均價自動現金結算。(如為指數則改為標的指數收盤前三十分鐘內標的指數之簡單算數平均數自動現金結算)。 
6. 證券給付，如到期具履約價值而未申請履約者，發行人將以權證到期日標的證券收盤前六十分鐘內成交價格之簡單算數平均價自動現金結算。(如為指數則改為標的指數收盤前三十分鐘內標的指數之簡單算數平均數自動現金結算)。 
7. 證券給付但投資人有現金選擇權，如到期具履約價值而未申請履約者，發行人將以權證到期日標的證券收盤前六十分鐘內成交價格之簡單算數平均價自動現金結算。(如為指數則改為標的指數收盤前三十分鐘內標的指數之簡單算數平均數自動現金結算)。"
請求履約時需注意那些事項？,"1.請求方式：持有人應先填具「認購（售）權證履約申請委託書」，加蓋原留印鑑，委託證券商向證券交易所提出履約申請，並向證券商預繳履約所需支付之款項(若發行人選擇現金結算，委託證券經紀商應於請求履約後第一個營業日退回預收款項)。 
2.請求時間：履約請求時間為存續期間內之證券交易所集中交易市場任一營業日下午二時三十分前。 
3.請求數量：應為一仟單位的權證或其整倍數。 
4.持有人應於買入認購（售）權證後第二個營業日，且經確認該認購（售）權證已轉入有價證券集中保管帳戶後，始能請求履約。 
5.履約費用：持有人請求履約有如下費用 (1) 手續費：根據「認購（售）權證履約價格×標的證券數量」為基準計算手續費。 
(2) 交易稅：認購（售）權證持有人在發行人採現金結算時，須根據「標的證券市價與履約價之差值×權證數量」為基準計算交易稅，稅率為千分之1。"
權證到期時如何結算？,具價內價值之權證到期，而持有人未申請履約，發行人均會自動辦理現金結算，並於到期日之次二營業日將款項撥付給權證持有人。
權證到期時忘記申請履約是否失效？,"權證履約方式詳見Q8.權證履約給付有那幾種方式？除履約方式為現金結算之認購（售）權證屆期由臺灣證券交易所代辦自動履約外，權證持有人應特別注意其他履約給付方式，發行人是否註明「權證到期具履約價值時，如持有人未及時申請履約，發行人將採到期價內自動現金結算方式，以權證到期日標的證券收盤前六十分鐘內成交價格之簡單算數平均價自動現金結算」。(如為指數則改為標的指數收盤前三十分鐘內標的指數之簡單算數平均數自動現金結算)。
如發行人無特別註明於權證到期將採到期價內自動現金結算方式者，權證到期後即喪失申請履約之權利，發行人即無履行履約給付之義務，投資人應特別注意履約期限。"
標的證券上漲但認購權證價格為何未連動上漲？,當標的證券上漲，權證價格也應該同步上漲，兩者應該有連動關係，但有時市場表現並非如此。在某些情況下，會發生標的股價上漲但權證卻未同步上漲的情形，例如當標的股票市價離履約價尚遠，且權證距到期日近時，因標的股票上漲逾履約價之機率較低，故權證價格與標的股票價格連動性降低，再加上時間價值之耗損，而產生標的股票價格上漲，但權證價格卻下跌之現象。另流動量提供者雖提供依公式計算出之合理報價，但有時因市場需求暢旺，致使投資人買進之價格偏離流動量提供者所提供之合理報價，當市場需求下降，高價買進權證之投資人會感覺流動量提供者所提供之報價偏低，未隨標的證券價格上漲而連動。
權證價格漲跌幅如何計算？,權證價格每日漲跌幅計算是以標的證券價格漲跌金額核計，現行標的證券價格漲跌幅是以前一日收盤價10%來計算，而權證價格漲跌幅的計算則是以標的證券漲跌金額乘以權證行使比例，因此權證漲跌幅波動較大，可能賺取高倍數的報酬率，但投資人也要注意當標的證券價格走勢不如預期時，權證的跌幅也會以相對的倍數擴大，導致損失增加。
權證愈接近到期日，為何其價格下跌愈快？,權證價值包括內含價值和時間價值，權證投資的最大特色為，投資人期望利用時間來換取標的證券價格波動所帶來的利潤，距離到期日愈近的權證，由於沒有足夠時間來等待行情的反轉，所以獲利的機會相對減小，而權證的時間價值亦將隨到期日愈近而呈倍數衰減。
即將到期之權證如何處理？,權證快到期時，時間價值會趨近於零，價內權證若市場上流動性不佳，美式權證可直接申請履約；若市場流動性佳，則投資人可以直接於集中市場上賣出權證獲利了結。而價外權證由於到期前可能無履約價值，故建議投資人直接於市場上賣出權證。
權證到期發行證券商是否會回收？,不論是價內或價外的權證，證券商並沒有義務回收市場上流通之權證。因此投資人須注意權證快到期且屬價外權證者，由於可能無履約價值，建議投資人提早於集中市場上賣出權證。
為何有些權證會提前到期？有些權證會更改發行條件？,每檔權證在發行時，發行人便會在公開銷售說明書中述明，權證因標的證券發行公司合併或下市而導致權證下市時，發行人所採取的因應措施。當這些因素發生時，權證就必須提前到期；或因權證之發行條件設有上下限價格，在發行期間內標的證券之收盤價高（低）於或等於上（下）限價格時，該權證即提前到期。投資人可藉由公開資訊觀測站查詢相關訊息。
證券商發行權證是否對標的證券有所預期？,證券商發行權證意在提供投資人多一項市場投資工具做選擇，另權證發行人會依據理論模型進行避險操作，因此投資人的損益和發行人並無直接關連，投資人會因標的證券漲跌而產生利得或損失，而發行人會因標的證券的波動性或流動性風險而產生利得或虧損，故證券商發行權證並不一定是看多或看空該標的證券。
牛熊證為何會提前下市？,牛熊證設有到期日及限制價格，在到期日之前，若標的證券收盤價觸及限制價，牛熊證將提早到期並終止上市，投資人則收回現金餘款即權證之剩餘價值。
流動量提供者為何未提供報價？,"流動量提供者應依規定對市場提供應買及應賣之報價，惟在某些特定情況下流動量提供者得不提供報價，相關不報價時機列舉如下：
1.集中交易市場開盤後五分鐘內。
2.權證之標的暫停交易。
3.當流動量提供者專戶內之權證數量無法滿足每筆報價最低賣出單位時，流動量提供者得僅申報買進。
4.價內程度超過 30%（含）之權證，僅申報買進價格。
5.權證理論價值低於 0.01元的權證。
6.流動量提供者在日常運作出現技術性問題時。
7.標的價格或認購(售)權證價格漲停時得僅申報買進(賣出)價格，跌停時得僅申報賣出(買進)價格。
8.當發行人無法進行避險時。"
流動量提供者為何報價價差過大？,當碰到市場波動劇烈時，會發現部分流動量提供者在報價時產生較大的價差，這情況為造市券商避險成本的反映，或是發行人因避險困難不想再賣出權證。因此若發現流動量提供者在報價時，有買賣價差過大且掛單量小的情形，有可能會發生投資人於買賣權證後，未能賺取價差之機會。投資人投資權證時應比較各家流動量提供者報價品質，選擇報價價差較小且掛單量大之權證作為投資標的。
流動量提供者報價調整波動率之合理性？,權證流動量提供者調整報價波動率將影響權證之報價，若刻意調整致影響該檔權證價格之公平性及損及投資人權證時，本公司將依相關規定予以處置。另投資人宜多加觀察並慎選報價穩定的流動量提供者，避免選擇報價不穩定之權證。
流動量提供者兩次報價時間間隔為何？,依照規定流動量提供者應主動每隔五分鐘至少報價一次，而此報價應至少維持三十秒，但因標的價量變動而更新報價者，則不受應維持三十秒之限制。因此，當標的價量變動時，流動量提供者可隨時更改其報價，但當遇到市場波動劇烈的情況時，流動量提供者為降低避險風險，將會拉長兩次報價時間之間隔。
流動量提供者為何減少委託賣出數量？,在市場波動加劇的情況下，流動量提供者為了降低避險成本減少風險，以回收權證的方式取代買進現貨避險，因此將增加委託買進數量，而大幅減少委託賣出數量，惟賣出張數仍不得少於十張。
如何取得流動量提供者造市品質之資訊？,本公司、櫃買中心及券商公會共同委託證基會建置「權證資訊揭露平台」（網址：http://warrants.sfi.org.tw/），提供流動量提供者報價之隱含波動率、買賣價差及買賣數量等，投資人可以據以評估流動量提供者之造市品質，以作為投資權證之參考。
為何權證只報委買價未報委賣價？,當發行人手中之權證數量已低於10交易單位(張)，依規發行人可不提供委賣報價。
為何權證委買報價與委賣報價間之價差常不一致，有的價差達10個升降單位？,發行人為考量避險成本，調整權證委買報價與委賣報價間之價差大小以為因應，即標的股票股價波動起伏大時，因避險時易買到高價，賣出時易賣到低價，造成避險成本增加，為反應成本，故調整報價價差，惟價差不得超過10個升降單位。
什麼是公司治理？,"公司治理(Corporate Governance)是指一種指導及管理企業的機制，以落實企業經營人的責任，並保障股東的合法權益及兼顧其他利害關係人的利益。良好的公司治理應具有促使董事會與管理階層以符合公司與全體股東最大利益的方式達成營運目標的正當誘因，協助企業管理結構之轉型，以及提供有效的監督機制，以激勵企業善用資源、提升效率，進而提升競爭力，促進全民之社會福祉。更多資訊可詳公司治理中心首頁\關於我們\公司治理藍圖簡介。
相關網址：
http://cgc.twse.com.tw/front/aboutCorpgov"
什麼是公司治理藍圖？,"1.金融監督管理委員會於2013年底發布「2013強化我國公司治理藍圖」，其主要目的係為建立企業之公司治理文化，並創造共利企業價值。為達成本項願景，藍圖規劃了五大計劃項目，分別為「形塑公司治理文化」、「促進股東行動主義」、「提升董事會職能」、「揭露重要公司治理資訊」及「強化法制作業」，項目下並規劃了十三項具體措施。藉由公司治理藍圖之公布，制定推動方向及指引，期能由政府帶頭推動，運用周邊單位及民間非營利機構的力量，鼓勵企業及投資者積極參與公司治理，在我國形成良好公司治理文化，推升我國企業在國際上之競爭力。

2.金融監督管理委員會於2018年發布新版公司治理藍圖(2018~2020)，期望透過深化公司治理及企業社會責任文化、有效發揮董事職能、促進股東行動主義、提升資訊揭露品質以及強化相關法令規章之遵循等面向，鼓勵企業及投資者自發性重視公司治理，並以根植公司治理文化、創造友善投資環境及提升資本市場國際競爭力為主要目標。

3.金融監督管理委員會於2020年發布「公司治理3.0-永續發展藍圖」(2021-2023)，提出強化董事會職能、提高資訊透明度、強化利害關係人溝通、引導盡職治理及提供多元化商品等五大主軸(39項措施)作為推動公司治理政策之指引，並以落實公司治理及營造健全ESG生態體系為核心願景，以提升企業永續發展及強化資本市場國際競爭力 。"
經濟合作暨發展組織(OECD)發布之公司治理原則為何？,2023年OECD與G20共同修訂及發布最新版公司治理六大原則，納入新章節「永續韌性」，分別為「確保有效的公司治理架構」、「保障股東權益、公平對待股東及發揮其重要功能」、「機構投資人、證券市場及其他中介機構」、「資訊揭露及透明性」、「落實董事會之責任」與「永續韌性」。
什麼是股東行動主義？,股東行動主義，係指股東在投資公司時，會選擇以公司治理較佳的企業做為投資標的，避免投資公司治理不好的公司；除此之外，股東亦可藉於股東會中提案、溝通等方式，以市場監督之力量，促使公司改變現況，並改善公司治理。
我如何得知公司董監酬金金額？,"投資人可詳公司年報附註揭露，或公開資訊觀測站\公司治理\董事及監察人相關資訊\董監事酬金相關資訊。
相關網址如下：
公開資訊觀測站\公司治理\董事及監察人相關資訊\董監事酬金相關資訊
http://mops.twse.com.tw/mops/web/t119sb04"
如果我想於股東會提案或提名候選人該怎麼做？,持有已發行股份總數百分之一以上股份之股東可依公司法第172條之一規定向公司提出股東常會議案；持有已發行股份總數百分之一以上股份之股東亦得依同法第192條之一規定，書面向公司提出董事候選人名單。
目前上市(櫃)公司電子投票採行狀況為何？,目前上市(櫃)公司已全面採行電子投票。
股東會召開時間有何限制？,依公司法第170條規定，股東常會每年至少召集一次，應於每會計年度終了後六個月內召開，但有正當事由經報請主管機關核准者，不在此限。股東臨時會，於必要時召集之，無特定時間限制。依「公司治理3.0-永續發展藍圖」，為進一步保障股東行使股東權，且有效分散股東會召開，2021年起每天召開股東常會公司家數，上市櫃公司每日召開股東常會之公司家數上限為90家；2022年起每天召開股東常會公司家數，上市櫃公司每日召開股東常會之公司家數上限為80家。
什麼是公司治理評鑑？,公司治理評鑑，係對我國資本市場之全體上市、上櫃公司，就其「維護股東權益及平等對待股東」、「強化董事會結構與運作」、「提升資訊透明度」及「推動永續發展」等四大項目進行評核。以瞭解其公司治理水平之良窳。依照金融監督管理委員會於102年12月發佈以5年為期之「強化我國公司治理藍圖」，其中將辦理公司治理評鑑列為重點工作項目，其主要目的係透過對整體市場公司治理之比較結果，協助投資人及企業瞭解公司治理實施成效，並促使企業更重視公司治理，引導企業間良性競爭並強化公司治理水平，進一步形塑企業主動改善公司治理的文化。
公司治理評鑑是由哪個單位辦理？,公司治理評鑑係由臺灣證券交易所與財團法人中華民國證券櫃檯買賣中心共同辦理，在金融監督管理委員會之指導下，研議評鑑之系統、構面及評鑑指標。
公司治理評鑑的評核對象是哪些公司？,公司治理評鑑之對象原則上為全體上市、上櫃公司，惟如公司屬上市(櫃)未滿一年、變更交易方法、停止買賣、終止上市(櫃)或其他經公司治理評鑑委員會會議通過認為應不予受評者，將不予列入評鑑排名。
公司治理評鑑多久辦理一次？,公司治理評鑑每年舉辦一次，評鑑結果規劃於每屆受評資訊年度下一年4月底前公布。
投資人可以查詢公司治理評鑑的結果嗎？,"投資人可以於公司治理中心網站查詢公司之評鑑結果。
網址如下:
http://cgc.twse.com.tw/evaluationCorp/listCh"
公司治理評鑑的結果可以做什麼應用？,"1.證交所及櫃買中心已研議「公司治理評鑑結果與差異化管理機制連結」之措施，於每屆公司治理評鑑結果產生後，針對公司治理較為不善之公司，採取不同程度之監理。
2.於公司治理評鑑結果產生後，由證交所及櫃買中心以公布之評鑑結果前20%為主要篩選條件，輔以流動性、財務指標等條件後篩分別選出100檔及60檔成分股，編製上市(櫃)公司治理指數供投資人作為決策參考，此不僅可節省投資人之時間成本，並可督促上市(櫃)公司因相互比較而努力改善公司治理狀況，提高良性競爭之效果。"
公司治理評鑑結果排名較佳，是否即代表該公司之公司治理情形絕對良好或經營績效與財務狀況保證健全？,公司治理評鑑系統以所建立的評鑑資訊範圍與評鑑指標為依據，資訊來源則為公司前一年度揭露之公開資訊如年報、企業網站或公開資訊觀測站，及問卷填答內容。因此，評鑑結果僅代表前一年度公司之治理情形，無法反映未來公司之治理水平或公司經營績效與財務之健全程度。另評鑑工作雖將善盡相當之注意義務以確認各評鑑指標之執行及資訊透明，惟受限於評鑑之運作方式及委託暨執行單位之權限，並參考國際同質性評鑑之慣例，本評鑑並未實地查核驗證各評鑑指標內容之正確性，亦無法偵察上市櫃公司之虛偽不實與欺詐等行為，評鑑結果僅顯示該企業之公司治理在本評鑑指標下之運作狀況，投資人仍應綜合公司其他相關資料作為投資決策參考。
何謂企業社會責任？,企業社會責任(Corporate Social Responsibility，簡稱 CSR)，係指企業在創造利潤、對股東利益負責的同時，還要評估營運對經濟(Economic)、環境(Environment)、社會(Society)造成之衝擊，並擔負相關責任：例如遵守商業道德、生產安全、職業健康、保護勞動者的合法權益、節約資源等。
何謂永續報告書？,"永續報告書係用以揭露企業或組織之營運對經濟、環境及社會之影響，並表達該企業或組織之價值觀、策略與治理情形，進而體現其對於永續發展之承諾與作為。相關網址如下：
公司治理中心首頁\企業永續發展\參考資料
http://cgc.twse.com.tw/responsibilityRef/listCh"
公司一定要編製永續報告書嗎？,"依據「上市公司編製與申報永續報告書作業辦法」，食品、化工、金融業者、餐飲收入占總營收達50%以上或股本達20億以上之公司需編製並申報永續報告書。自 114 年起，將擴大適用範圍至全體上市櫃公司。上市櫃公司出具永續報告書情形請詳：
公司治理中心首頁\資料庫\上市櫃公司出具永續報告書情形
http://cgc.twse.com.tw/corpSocialResponsibility/chPage"
何謂上市櫃公司永續發展行動方案(2023年)?,"為積極回應全球永續發展行動與國家淨零排放目標，金管會於去(2022)年3月3日發布「上市櫃公司永續發展路徑圖」，分階段推動全體上市櫃公司於2027年完成溫室氣體盤查，2029年完成溫室氣體盤查之確信，營造健全永續發展(ESG)生態體系。
金管會為持續推動企業積極實踐永續發展，於「上市櫃公司永續發展路徑圖」及「公司治理藍圖」所建構之基礎下，規劃以「治理」、「透明」、「數位」、「創新」四大主軸，推動企業永續發展之行動方案，重點包括：
一、引領企業淨零：
（一）推動上市櫃公司設定減碳目標、策略及具體行動計畫：2026年起依資本額規模分階段推動，公司最遲應於揭露合併財務報告公司盤查資訊之次一年度揭露其盤查年度為基準年，所訂定之次一年度減碳目標、策略及具體行動計畫。另鼓勵公司揭露以完成合併財務報告公司之盤查資訊為基準年，所訂定之2030年減碳目標、策略及具體行動計畫。
（二）協助建置減量額度交易機制：鼓勵企業響應淨零轉型，配合環保署規劃，督導證交所協助該署建置交易平台。
（三）鼓勵企業揭露溫室氣體範疇三資訊：2023年將參考國際規範及國內產業特性訂定建議揭露事項，後續年度將辦理宣導，並續予研議強制揭露之可行性。
二、深化企業永續治理文化：
（一）提升上市櫃公司女性董事比例：為強化董事多元化，且考量女性董事推動為國際趨勢，將於2023年起推動IPO公司應至少委任一名女性董事，2024年起上市櫃公司應依董事屆期完成委任至少一名女性董事。
（二）推動興櫃公司採候選人提名制：為落實股東行動主義，將要求興櫃公司於2025年起董事選舉應採候選人提名制。
（三）推動薪酬合理化：合理的績效評估與薪酬制度有助落實永續發展，爰將於2023年納入公司治理評鑑指標，鼓勵高階薪酬與ESG績效連結，另研議董事酬金提報股東會報告之可行性。
（四）推動上市櫃公司設置永續委員會(永續長)：為建立企業永續價值文化，將於2023年訂定永續發展委員會組織規程參考範例，後續將邀請企業分享經驗，並續予研議強制設置之可行性。
三、精進永續資訊揭露：
（一）精進年報資訊揭露規範：將參酌國際準則，2023年將檢討修正年報準則，精進永續資訊揭露規範。
（二）擴大永續資訊揭露範圍：
推動實收資本額20億元以下之上市櫃公司編製永續報告書：為持續強化非財務性之資訊揭露，將推動自2025年起20億元以下上市櫃公司編製永續報告書。
擴大應參考SASB準則揭露永續指標之上市櫃公司範圍：為持續擴大揭露永續指標公司範圍以提供投資人有用之資訊，將推動自2025年起全體上市櫃公司依其產業別揭露永續指標。
（三）提升永續資訊品質：
研議擴大永續報告書確信範圍：為強化永續報告書揭露品質，將於2024年研議永續指標取得確信之可行性。
強化永續報告書揭露品質：為提升永續報告書揭露品質，證交所及櫃買中心將於2023年起抽查上市櫃公司永續報告書，並提供建議改善事項。
加強永續報告書確信機構管理：證交所及櫃買中心將於2024年起抽核確信工作底稿，檢視確信程序是否符合規範，以強化確信人員之管理。
（四）研議推動ISSB永續揭露準則：為接軌國際永續揭露準則，2023年將研修永續資訊內控相關規範，並於會計研究發展基金會組織架構下成立永續準則委員會，俟永續準則正式發布後研議推動規畫。
四、強化利害關係人溝通：
（一）提前上傳股東會議事手冊及年報資訊：為利投資人及早知悉股東會議案之資訊，2024年起將依資本額規模分階段推動上市櫃公司應於股東會30日前上傳議事手冊，14日前上傳年報。
（二）精進投資人關係平台：為持續強化機構投資人影響力及盡職治理資訊揭露之品質，集保公司及證交所將建置盡職治理報告書數位平台，並於2024年試行。
（三）推動機構投資人共同議合：利害關係人對企業推動永續發展扮演重要角色，將蒐集國外實務共同議合作法，於2024年修正機構投資人盡職治理守則。
五、推動ESG評鑑及數位化：
（一）建置永續報告書數位平台：為協助上市櫃公司以更具效率及統一格式揭露ESG相關資訊，證交所將建置永續報告書數位平台，並於2024年試行。
（二）精進ESG資料庫：為提供一站式ESG資訊服務，證交所將建置ESG資訊平台並於2023年上線，另為減輕公司申報作業負擔，將持續研議申報資訊格式化。
（三）研議建置ESG評鑑：為建構市場永續價值文化，將推動ESG評鑑，預計2023年完成指標設計，2024年試行，並視試行結果推動ESG評鑑。
（四）編製ESG相關指數：為多元化ESG相關商品，證交所將持續研議編製發布ESG主題相關指數，如碳效率指數、人力資本相關指數，引導市場資金投入永續發展。
請詳參公司治理中心網站：
https://cgc.twse.com.tw/responsibilityPlan/listCh"
為什麼要定期更改密碼？,A：投資人為確保交易安全，應定期更改密碼並採用優質密碼，妥善保管帳號及密碼，不要在其他網站提供或共用相同的帳號密碼，以維護自身權益。 另外網路下單電子憑證，為了安全，有效期限只有一年，每年都得更新，投資人更要注意保管使用。於電子憑證下載時，證券商也應該採行多因子驗證方式。
密碼忘了，都用生物辨識登入，如果帳號被鎖定只能人工變更?,A：投資人可於證券商網站變更網路下單系統的密碼，或電洽證券商經確認為本人，並引導變更密碼，無須親自到營業處所辦理。
收到簡訊、電子郵件要求至證券商網站變更或輸入投資人帳戶密碼？,A：請注意不明簡訊或電子郵件，避免被偽冒成證券商網站的釣魚網頁騙取帳號密碼，如有疑問請洽開戶之證券商確認，並請其引導變更密碼後即可進行網路下單交易。
自然人開戶需要準備什麼資料？,"委託人為自然人者，除下列情形外，應親持身分證正本辦理開戶並當場簽章。
1.委託人為無行為能力人、限制行為能力人或受輔助宣告之人，應由法定代理人、監護人或輔助人親持本人及委託人之身分證正本辦理 開戶並當場簽章，如委託人尚未領取身分證時，得以戶籍謄本或戶口名簿代之；監護人或輔助人並應檢附其為監護人或輔助人之證明文件。
2.委託人為法人派駐國外工作者，得委託代理人親持代理人及委託人之身分證正本，檢具經我國駐外機關或委託機構認證之授權書及派遣法人出具之派駐國外工作證明文件辦理開戶。
3.餘非臨櫃辦理者，則按證券商受理線上開戶委託人身分認證及額度分級管理標準辦理"
投資人可否在證券經紀商同一營業處所開立二個交易帳戶？,"不可以。
投資人在證券經紀商同一營業處所僅能開立一個交易帳戶，但全權委託投資帳戶、境外外國機構投資人、大陸機構投資人符合「華僑及外國人與大陸地區投資人申請投資國內有價證券或從事國內期貨交易登記作業要點」相關規定者、國內專業機構投資人符合「證券商管理規則第19條」及信託帳戶不在此限。"
法人開戶需準備什麼資料？,委託人為法人者，由被授權人檢附法人登記證明文件影本、稅捐機構發給之設立扣繳單位編配統一編號通知單影本 (若屬營利事業得免檢附上開通知單影本) 、授權書暨法人代表人及被授權人身分證影本辦理；證券經紀商並應以函證方式確認係屬授權開戶。委託人委由保管機構代為開戶或出具由保管機構代辦交割證明者，得免函證確認係屬授權開戶。
華僑或外國人申請直接投資國內證券者，應如何申請開戶？,華僑或外國人申請直接投資國內證券者，除依交易所營業細則第77條規定申請者外，應檢具完成登記證明及下列相關文件向證券經紀商辦理開戶買賣有價證券。 1.境內華僑或年滿二十歲以上外國自然人應檢具護照及居留證，境內外國機構投資人應檢具公司登記證明文件及負責人身分證或居留證或護照。 2.境外華僑或外國人應檢具之資料，請參閱交易所營業細則第 77- 4 條 規定，並請逕洽各保管機構辦理申請登記事宜。
開戶後可否立即買賣有價證券？,"可以。
投資人於完成開戶委託手續，如為代理開戶者須經函證確認，並經證券經紀商將開戶資料及帳號鍵入交易所電腦檔案後，即可委託買賣有價證券。"
如何註銷帳戶？,投資人已開立之帳戶辦理註銷時，須在當初辦理開戶之證券經紀商填寫註銷帳戶申請書，並攜帶本人國民身分證等有關文件，另得採足以確認申請人為本人及其意思表示之通信或電子化方式為之。
何種人不得辦理開戶？,"證券經紀商發現委託人下列各款情事之一者，應拒絕接受開戶，已開戶者應拒絕接受委託買賣或申購有價證券
1、無行為能力人或限制行為能力人未經法定代理人之代理者。
2、主管機關之證券期貨局員工未檢具其機關同意書者。
3、本公司員工未檢具本公司同意書者。
4、受破產之宣告未經復權者。
5、受監護宣告未經撤銷者。但監護人為受監護人之利益而處分有價證券者，不在此限。
6、受輔助宣告未經撤銷者。但受輔助宣告之人經輔助人同意或法院許可者，不在此限。
7、法人委託開戶未能提出該法人授權開戶之證明者。
8、證券自營商未經主管機關許可者。
9、委託證券商之董事、監察人及受僱人，代理或代表其在該證券商開戶。
10、委託人申請將原開立之全權委託投資帳戶，轉換為自行買賣之委託買賣帳戶者。
11、因證券交易違背契約，經本公司或櫃檯買賣中心轉知各證券經紀商後，未結案且未滿五年者。但接獲通知後，就委託人當日已成交之融資買進或融券賣出，為同種類、同數量有價證券沖抵交易之受託買賣，及當日依「有價證券當日沖銷交易作業辦法」為反向沖銷之受託買賣，不在此限。
12、因違反證券交易法或偽（變）造上市、上櫃有價證券案件，經檢察機關提起公訴尚在審理中，或經法院諭知有罪判決確定未滿五年者。
13、因違背期貨交易契約未結案且未滿五年，或違反期貨交易管理法令，經司法機關有罪之刑事判決確定未滿五年者。"
證券公司之董事、監察人或職員是否可以於本受託證券經紀商開戶委託買賣有價證券？,"可以。
證券商內部人員開戶委託買賣證券，應依交易所訂定之證券商內部人員所屬證券商開戶買賣有價證券管理辦法之規定辦理。"
98年2月10日新實施之雙重身分證明文件開戶作業，投資人要提供什麼證件核驗？,"一、客戶為自然人，其為本國人者，除提供身分證正本外，並應徵取其他可資證明身分之文件，如健保卡、護照、駕照或學生證等；其為外國人者，除提供護照外，並應徵取如居留證或其他可資證明身分之文件；另由代理人辦理開戶者，其代理人部分亦應比照適用。
二、客戶為法人者，除由被授權人檢附法人登記證明文件、授權書暨法人代表人及被授權人身分證明文件辦理外，並應徵取董事會議紀錄、公司章程或財務報表等始可開戶。機關學校團體之清冊，如可確認客戶身分，亦可當作第二身分證明文件，惟第二身分證明文件應具辨識力。"
非法人團體應如何申請開戶？,委託人為非法人團體者，應以其負責人之個人名義開戶，將團體名稱併列於戶名內，並由其負責人檢附主管機關登記證照(或核准成立、備案或其他登錄證明之文件)影本、稅捐機構發給之設立扣繳單位編配統一編號通知單影本(如係免扣繳所得稅者，須另附「所得稅免扣繳證明」乙份)及負責人身分證影本辦理。
行動不便之投資人，券商、銀行是否能至投資人家中開戶?,請投資人洽詢證券商是否提供此項服務。
投資公司如為籌備處，是否可開戶?,要有經濟部登記的營利事業登記證及統編才能開戶。
大陸人是否可開戶？若有人贈送股票給大陸人，該如何賣出？,"1.大陸人不能開戶。

2.若有遺產及贈與情事，則其開戶規定請參閱交易所營業細則第77-2條規定。"
海外回台第一上市實施庫藏股需要開立的帳戶為?會列入證交所外資買賣超統計表嗎?,"1.此庫藏股需開立外資帳戶，目前不能開一般帳戶，第一上市公司或第二上市公司申請開立帳戶，於本公司集中交易市場買回公司股份或第二上市公司買回臺灣存託憑證，除依「華僑及外國人與大陸地區投資人申請投資國內有價證券或從事國內期貨交易登記作業要點」規定檢具相關附件辦理外資登記外，另應檢具聲明書，說明本次登記目的係為投資或買回股份。
2.會列入外資買賣超統計表裡。"
投資人分別在甲、乙券商開信用戶，當券商合併，是否只能保留一個信用戶？,是，客戶僅能選擇留存一個信用帳戶（甲帳戶或乙帳戶，二擇一），被註銷之帳戶若仍有餘額，則移轉到存續之帳戶上，惟合併後授信機構對個別投資人融資或融券餘額超過限額部分，僅得了結，不得新增。
"投資人在開戶時，遇到尾數為""4""，是否可要求跳下一號?",可以。
華僑是否可以開信用交易帳戶?,倘該華僑符合年滿二十歲有行為能力之中華民國國民之開戶條件，即可開立信用交易帳戶；若不符合則不可開立信用交易帳戶，華僑如依營業細則第77條之4開立普通交易帳戶，則不可開立信用交易帳戶。
證券商從業人員的配偶及成年子女是否可以在別家券商開普通戶？,可以，證券商從業人員之配偶及成年子女可至別家券商開立證券交易帳戶。
如何查詢曾在哪間證券商開戶或交易紀錄？,"查詢方式：
一、網路查詢：
申請人可使用「證券下單憑證」或「自然人憑證」或「工商憑證」等，透過網際網路聯結至臺灣證券交易所「投資人個人資料綜合查詢系統」(網址：https://investor.twse.com.tw/)查詢。
二、通訊查詢(透過證券商辦理通訊查詢申請）：
申請人得親持國民身分證正本委請證券經紀商查驗身分，證券商再檢具相關申請書件正式發函向本公司提出查詢申請。
三、現場查詢： 
1.受理時間：09:00~12:00、14:00~17:00(例假日暫停服務)
2.地址：台北市11049信義路五段7號10樓(101大樓)
3.所需申請書、個人資料蒐集處理利用告知事項暨同意書、證明書或授權書等表單，請至證交所網站/產品與服務/查詢個人資料服務項下列印填寫，詳情請洽投資人服務專線:02-27928188。
投資人個人資料綜合查詢系統
https://investor.twse.com.tw/"
夫妻可否聯名開戶?,"不可以
投資人僅得以個人名義開戶。"
如果持中華人民共和國香港及澳門特別行政區的護照是否可以在台灣開戶買賣股票？,如果有居留證，應委託證券經紀商向本公司辦理登記，取得身分編號並檢附護照及居留證向證券經紀商辦理開戶買賣有價證券；若沒有居留證，應由指定國內保管機構向本公司辦理登記(取得身分編號)，完成登記後始得檢具相關規定文件向證券經紀商辦理開戶買賣有價證券。
使用通訊方式查詢被繼承人開戶紀錄，哪些文件需要附正本？,除身分證影本一定要蓋『與正本相符』的章外，其他文件皆可以檢附正本。如果其他文件的正本要留存，證券商需於影本蓋『與正本相符』印章。
外資開戶登記的ID可以辨別是自然人或機構法人嗎?,可以。有關外資編碼原則詳見「華僑及外國人與大陸地區投資人申請投資國內有價證券或從事國內期貨交易登記作業要點」第四條投資編號之編碼原則。
辦股票繼承但繼承人是大陸人該如何辦理?,請依交易所營業細則第77-2條規定至證券經紀商辦理僅得受託賣出，不得受託買入之帳。
外僑人士持有移民署開立之統一證號是否能開戶?,只有統一證號之僑外人士，仍僅得以境外華僑及外國人資格開戶，須先找保管機構。
投資人查詢開戶及銷戶或交易資料有那些管道？應準備哪些資料？若曾開過戶但銷戶了，可以查得到銷戶的資料？,"查詢管道有下列三種：
 一、網路查詢：申請人有使用網路下單可使用「證券下單憑證」，或向戶政事務所申請核發「自然人憑證」，或法人向經濟部申請核發「工商憑證」等，透過網際網路連結至臺灣證券交易所官網上「投資人個人資料查詢系統」查詢，網址：https://investor.twse.com.tw/。
二、透過證券商辦理通訊查詢申請： （一）申請人或委託他人一定要親自帶著身分證件正本可以向全國證券商總、分公司申 請辦理並查驗身分，證券商再檢具相關申請書件正式發函向本公司提出查詢申請。 （二）申請書、個人資料蒐集處理利用告知事項暨同意書、同意書、證明書或授權書等表單，可至證交所網站/產品與服務/查詢個人資料服務項下，列印及填寫。 （三）申請人應出示需檢附之身分證件正本包括身分證、戶口名簿或戶籍謄本。 （四）申請時應附貼足掛號郵資之回郵信封，由本公司將查詢結果直接寄給申請人、法定代理人、監護人、輔助人或法人機構被授權人。
三、現場查詢： （一）受理時間：9:00~12:00、14:00~17:00（營業日）。 （二）地址：臺北市信義路5段7號10樓臺北101金融大樓的市場推廣部。 （三）申請書、個人資料蒐集處理利用告知事項暨同意書、同意書或授權書等表單，可至證交所網站/產品與服務/查詢個人資料服務項下，列印及填寫。 （四）申請人應出示所需檢附之身分證件正本包括身分證、戶口名簿或戶籍謄本等供核驗後返還。
四、即使曾經開過戶且已註銷帳戶，透過通訊、現場等查詢方式，也可以查得到註銷帳戶的資料；網路查詢「集中市場」僅顯示目前仍可使用的帳戶，已註銷之帳戶則不會顯示。而在「櫃買中心」會顯示所有相關資訊，包括已註銷的帳戶。已註銷的帳戶將標示其註銷日期，若無註銷日期則表示該帳戶仍在正常使用中。
五、請參考投資人查詢證券集中交易市場帳戶或交易資料作業程序收費標準。通訊及現場查詢如更改過姓名需檢附載明變更名字記事之戶口名簿、戶籍謄本或姓名更改紀錄證明書正本；法人變更名稱應另檢附法人機構變更登記證明文件正本，供本公司核驗，並留存相關文件影本建檔備查。現場查詢之申請人應攜帶相關之書件，需自備表格及影本、現金。
投資人個人資料查詢系統
https://investor.twse.com.tw/"
如何申請自然人憑證、工商憑證、證券下單憑證？,"申請管道：
一、自然人憑證請洽各地「戶政事務所」申請。
二、工商憑證請洽「經濟部工商憑證管理中心」。
三、證券下單憑證請洽已開辦「電子式交易下單證券商」申請，參考路徑為本公司國內宣導業務網站>券商輔導>文件下載>證券商電子式開辦基本資料查詢表，網址：https://dsp.twse.com.tw/public/static/downloads/brokerDepartment/證券商電子式開辦基本資料查詢表_11301_20240223164823.doc
國內宣導業務>券商輔導>文件下載>證券商電子式交易>證券商電子式開辦基本資料查詢表
https://dsp.twse.com.tw/public/static/downloads/brokerDepartment/%e8%ad%89%e5%88%b8%e5%95%86%e9%9b%bb%e5%ad%90%e5%bc%8f%e9%96%8b%e8%be%a6%e5%9f%ba%e6%9c%ac%e8%b3%87%e6%96%99%e6%9f%a5%e8%a9%a2%e8%a1%a8_11301_20240223164823.doc"
居住外縣市如何查詢開戶或交易資料？,"一、為降低舟車往返不便及耗費時間，建議可利用網際網路連結證交所官網上的「投資人個人資料查詢系統」，網址：https://investor.twse.com.tw/，或透過全國證券商總、分公司辦理通訊查詢申請等方式進行查詢。二、請參考投資人查詢證券集中交易市場帳戶或交易資料作業程序收費標準。通訊查詢如更改過姓名需檢附載明變更名字記事之戶口名簿、戶籍謄本或姓名更改紀錄證明書正本；法人變更名稱應另檢附法人機構變更登記證明文件正本，供本公司核驗並留存相關文件影本建檔備查。
投資人個人資料查詢系統
https://investor.twse.com.tw/"
使用通訊方式查詢被繼承人開戶或交易紀錄，哪些文件需要檢附正本？,"一、繼承人即申請當事人應檢附以下文件正本以供證券商核驗，影本應檢附留存或黏貼於申請書：
  （一）記載被繼承人死亡記事之戶口名簿或除戶戶籍資料。
  （二）繼承人現在戶口名簿。
  （三）繼承系統表。
  （四）繼承人身分證明文件。
二、若繼承人委託他人辦理時，受託人應出具其本人及繼承人即申請當事人之身分證正本核驗後返還，填繳交申請書、委託授權書、申請人與受託人之個資同意書。

【備註】若屬證券商來電詢問時，證券商另需於以上文件的影本加蓋『與正本相符』戳章後，正式發函至本公司。"
華僑或外國人或大陸人士查詢在證券商的開戶或交易紀錄，除申請書件外需要準備哪些證件其中一種正本供核驗？,"一、華僑：護照或華僑身分證明書或駐外機構出具之身分證明文件。
二、外國人：護照或外僑居留證。
三、大陸人士：若僅出具「護照」時，無法查到詳細資料，所以需準備「大陸地區人民入出境許可證」，才能查到詳細資料。"
申請查詢開戶及交易資料需要費用？,"一、申請人經由本公司「投資人個人資料查詢系統」以網際網路方式申請查詢者，免收費用。
二、申請人親自或委託他人、被授權人至本公司，或經由證券經紀商以通訊方式申請查詢者：
1、僅查詢開戶資料者，每人次（法人每家次）收取作業工本費及電腦處理費新臺幣（以下同）300元。
2、僅查詢交易資料或同時查詢開戶及交易資料者，每人次（法人每家次）收取作業工本費及電腦處理費500元。
3、65歲以上長者為申請人親自至本公司查詢本人之開戶或交易資料，免收費用。
4、依「投信投顧事業查詢作業程序」申辦之投信投顧事業、及依「公司行號查詢作業程序」申辦之公司行號等員工或其配偶至本公司現場查詢其與配偶及未成年子女資料，經出示公司行號3個月內核發之在職證明者，可依各該查詢作業程序之收費標準辦理。"
可以幫別人查詢開戶或交易資料? 需具備何種資格及證件或表單？,"一、可以，申請人要填寫「委託書」授權受託人至本公司現場或至證券商以通訊方式辦理，受託人應攜帶申請書、個資同意書等書件，且應出示申請人及受託人雙方的身分證件正本供核驗。
二、僅查詢開戶資料者，每人次（法人每家次）收取作業工本費及電腦處理費新臺幣（以下同）300元。僅查詢交易資料或同時查詢開戶及交易資料者，每人次（法人每家次）收取作業工本費及電腦處理費500元。現場查詢如更改過姓名需檢附載明變更名字記事之戶口名簿、戶籍謄本或姓名更改紀錄證明書正本；法人變更名稱應另檢附法人機構變更登記證明文件正本，供本公司核驗並留存相關文件影本建檔備查。受託人應攜帶相關之書件，需自備表格及影本、現金。"
可以打電話來申請查詢曾在哪間證券商開戶或交易紀錄嗎？,透過電話是不可以的，依據現行「個人資料保護法」等相關規定，因為目前尚無法以「電話」的方式來確認「身分證字號」實際擁有的「本人」，為保護您個人證券開戶或交易紀錄等個人隱私的機密資料安全起見，所以目前尚不接受以電話方式申請查詢。
父母一方申請未成年人之開戶或交易紀錄時，若父母離異，無法取得對方身分證如何辦理？,"一、父母雙方均為「法定代理人」時：
(一)父母雙方均應出示「身分證及未成年人身分證或戶口名簿」正本供核驗身分。
(二)如父母無法共同代理，須繳交「委由另一方單獨代理之同意書」及身分證正本核驗，或是出具「足資證明父母之一方或其他人有單獨監護權之文件」，例如:有詳細紀錄的戶口名簿正本或協議書正本或法院判決正本。
(三)若父母離異，但父母均為共同代理人，又無法取得對方的身分證正本以供核驗時，本公司就無法受理查詢開戶或交易紀錄，建議父母雙方仍應以「協議」或「取得法院正式判決」或提供由第三方公證人公證後的委由他方單獨代理之「同意書」正本以資證明的方式來解決。

二、僅父母其中一方為「法定代理人」時：請有單獨監護權之父母一方出示
(一)身分證正本。
(二)未成年人身分證正本或有詳細紀錄的戶口名簿正本或是足以證明父母之一方有單獨監護權之文件正本，例如:協議書正本或法院判決正本，供核驗身分。

【備註】父母離婚時，依「民法」第1055條第1項規定「夫妻離婚者，對於未成年子女權利義務之行使或負擔，依協議由一方或雙方共同任之」及「民法」第1089之1、1090、1091條等相關規定，取得對方身分證正本以供核驗，係同意「委由另一方單獨代理」意思表示的必要條件，故建議父母雙方仍應以「協議」或「取得法院正式判決」或提供由第三方公證人公證後的委由他方單獨代理之「同意書」正本以資證明的方式來解決。"
以網路查詢交易紀錄時，項目勾選錯誤的處理原則為何？,"只能重新提出申請。
因為受理網路查詢系統的網頁中，有特別提醒請投資人「確認」的功能，才執行處理；所以當投資人在收到資料時，才發現「類別」勾選錯誤，只能再透過「網路查詢系統」重新提出申請所需要的其他項「類別」。"
國人在海外且未持有中華民國身分證，如要申請查詢開戶資料及交易紀錄所需的文件及程序為何？,"需請其準備以下的文件：
一、欲查詢事項之授權書正本。
二、中華民國護照影本，註明與正本相符。
將前二項文件由我國駐當地領事館蓋章驗證後寄回臺灣之代理人，由代理人代為申請，程序及所需證件與一般代理申請相同。"
投資人已至證券商辦理完成註銷帳戶後，申請查詢「投資人開戶明細表」仍無註銷日期，如何處理？,"一、有可能是證券商未即時將註銷帳戶上傳到證交所系統更新資料所造成。
二、可以請投資人通知註銷帳戶之證券商，將該註銷帳戶的訊息再重新上傳至證交所的系統。"
投資人至證券商辦理完成註銷帳戶，該帳號之證券商已將註銷日期上傳至證交所「投資人開戶系統」後，投資人開戶明細表何時出現註銷日期？,因為系統是批次作業，次一營業日才顯示註銷日期。如投資人急需當天拿到有註銷日期之投資人開戶明細表，必須親至證交所臺北101金融大樓10樓現場查詢。
請問監護人要查詢受監護宣告人之證券帳戶或交易資料，應準備那些資料？,查詢時，應填寫「監護人代理受監護宣告人之查詢證券帳戶及交易資料申請書」，並備妥監護人及受監護宣告人之身分證正本及影本，及法院民事裁定書、民事裁定確定證明書、載明記事之戶口名簿等正本及影本，正本核驗後返還。
親自至本公司申請、委託他人至本公司申請、親至證券商以通訊方式申請等曾更名，自然人改姓、名或姓名，應另檢附那些資料？,載明變更記事之戶口名簿、戶籍謄本或姓名更改紀錄證明書正本；法人變更名稱應另檢附法人機構變更登記證明文件正本，供本公司核驗並留存相關文件影本建檔備查。
投資人以「投資人個人資料查詢系統」網際網路方式申請查詢，提供哪些查詢內容？,"一、提供投資人跨市場（集中市場、櫃買中心、興櫃市場）與跨證券商之個人資料電子查詢服務，內容包括：開戶狀況、成交紀錄、委託紀錄及申購狀況。
二、集中交易市場之委託及成交資料：提供自81年1月4日起之資料；惟零股及鉅額委託紀錄，僅提供自98年4月起之資料。
三、櫃買中心、興櫃市場之交易委託及成交資料：提供自86年1月1日起之資料，鉅額委託檔僅提供自98年4月起之資料，惟無法提供零股委託檔資料。"
投資人親至證券商以通訊方式、親自或委託他人至本公司等方式申請查詢證券集中交易市場於各證券商開立之證券帳戶明細或證券交易資料，查詢資料範圍？,"一、證券帳戶明細。
二、證券交易資料，包含買賣成交紀錄及買賣委託紀錄（不含股票庫存餘額）。"
繼承人欲查詢被繼承人之上市櫃（興櫃）股票餘額可洽詢哪個單位辦理？,"一、繼承人、遺囑執行人或遺產管理人可洽各地區國稅局，該局受理後，透過「單一窗口查詢金融遺產」作業，將申請資料轉予集保結算所查詢。

二、本項服務相關詳細資訊及申請書表可至財政部臺北市國稅局網站下載查詢，網址：https//www.ntbt.gov.tw，首頁/服務園地/下載專區/各稅檔案下載/遺產稅，亦可致電國稅局免費服務電話0800-000321或集保結算所電話：02-27195805洽詢。
財政部臺北市國稅局網站：首頁/服務園地/下載專區/各稅檔案下載/遺產稅
https//www.ntbt.gov.tw"
何謂證券業務借貸款項？,指證券商與客戶約定，為因應客戶購買有價證券或其他商品之需，所從事之資金融通業務。證券商辦理客戶借貸款項業務，應訂定借貸款項契約書，依契約書約定事項執行，以明雙方權利及義務。
T+5型借貸款項與半年型借貸款項之區別？,T+5型係以客戶買進之證券為擔保，借貸期間為成交日次二至次五營業日(T+2~T+5)，客戶應於成交日次二營業日上午11時前提出申請。半年型借貸款項客戶可以其持有之有價證券為擔保，借貸期限不超過6個月，證券商並得視客戶信用狀況展延二次，故最長為18個月，客戶應於買進證券成交日次一營業日上午12時前提出申請。
客戶申請證券業務借貸款項可融通之金額如何計算？,融通金額以每一客戶成交日買進、賣出證券價金相抵後之應付價金、相關手續費及稅負為限。此外，證券商仍應依徵信程序核定客戶得融通額度，且客戶應提供其所申請總授信額度百分之三十以上之財產證明。
華僑及外國人是否可以申請證券業務借貸款項及不限用途款項借貸？,境內外華僑及外國人均可申請證券業務借貸款項；不限用途款項借貸則僅開放境內之華僑及外國人申請。
投資人是否可以賣出其所買進證券方式償還融通款項？,可以，且若投資人係以其買進證券為擔保者，於融通期限屆滿前賣出者，均應優先償還其借貸款項。
融通期限屆滿未清償之處理？,證券商應依操作辦法第27條規定，處分客戶該筆借貸之擔保品及抵繳之有價證券或其他商品，有不足者應通知客戶次一營業日補足，未補足者證券商得於債務清償必要範圍內處分客戶提供之其他擔保品，尚不足部分通知客戶限期清償，未結清者即為違規。
何謂不限用途款項借貸？,指證券商與客戶約定，以客戶持有之有價證券或其他商品為擔保，所從事之資金融通業務，融通期限以6個月為限，證券商並得視客戶信用狀況展延二次。
投資人可否採非當面方式辦理不限用途款項借貸？,可以，惟應簽具款項借貸申請免簽章同意書，經證券商確認並留存，據以辦理借貸申請。
不限用途款項借貸之擔保維持率如何計算？,採投資人整戶歸戶計算。擔保維持率＝（擔保品市值＋補繳擔保品市值）÷（融通金額）× 100 ％。
如何查詢有價證券或其他商品是否可申請款項借貸及是否達限額？,證交所官網首頁 > 產品與服務 > 證券商服務 > 證券業務借貸款項及不限用途款項借貸 > 擔保品管制餘額 （亦請參閱最後一欄備註，備註符號說明可於該表下方查看）。
證券商辦理不限用途款項借貸業務與證券業務借貸款項之個股擔保品總量上限規定?,"依證券商辦理不限用途款項借貸業務操作辦法第32條第一項規定，證券商辦理不限用途款項借貸業務與證券業務借貸款項合計，每種得為款項借貸融通擔保品之有價證券或受益憑證，證券商合計融通餘額不得超過該種證券上市或上櫃股份或受益權單位數之5%，且不限用途款項借貸業務與證券業務借貸款項、信用交易業務融資餘額及證券金融事業辦理有價證券交割款項之融通或融資餘額合併計算不得超過該種證券上市或上櫃股份或受益權單位數之25%。
惟為顧及證券商業務需求，上開與證券業務借貸款項合併融通餘額如達上市或上櫃股數或受益權單位數之5%之證券，得由本公司就不限用途款項借貸業務再增加5%之額度。亦即每種得為證券業務借貸款項及不限用途款項借貸業務擔保品之有價證券或受益憑證，不得超過該種證券上市或上櫃股份或受益權單位數之10%，前開規定係經主管機關於105年3月10日金管證券字第1050005108號函核准在案，配合電腦作業規畫時程，自105年5月3日起實施。"
臺灣證券交易所網站服務因故暫停對海外使用者服務時，如何查詢相關資訊？,本公司簽約資訊公司亦提供相關資訊(名單連結)，海外使用者可洽資訊廠商。	簽約資訊公司名冊 https://www.twse.com.tw/zh/products/vendors
臺灣證券交易所是什麼性質的機構？,臺灣證券交易所是協助工商企業在證券市場發行證券籌集資金，並使投資大眾將儲蓄的資金投資證券，分享企業利潤的服務性之民營機構。
何謂「逐筆交易」?,詳見 「官網首頁/產品與服務/逐筆交易制度介紹」。相關網址如下： https://www.twse.com.tw/zh/products/system/trading.html
投資人委託買賣有價證券之方式有幾種？,投資人可以當面委託、電話、書信、電報、語音或網際網路、專線及封閉式專屬網路等方式委託證券經紀商買賣有價證券。
投資人委託買賣有價證券時，應填寫何種委託書？,委託買進有價證券時應填寫紅色買進委託書；委託賣出時則應填寫藍色賣出委託書，對融資融券買賣者應使用加註融資融券字樣之委託書。
何謂除權、除息交易日？股票除權、除息交易日之參考價如何計算？,一、上市公司為了發放現金股利、增資配發或認購股票而停止過戶的第一天，一般而言，往前推算二個營業日，就是除權、除息交易日，當日該股票的交易就是除權、除息交易，在除權、除息交易日以及該日以後所買進之證券，即不得享有該次現金股利、增資配股或認購之權利。以甲股票為例，該股票自6月20日至6月24日停止過戶，往前推算二個營業日（扣除例假日，6月18日、6月19日為例假日），即6月16日為除權、除息交易日，若於6月15日及以前買進甲股票，6月16日及以後賣出該股票，仍享有發放現金股利、增資配發或認購股票之權利，故在除權、除息交易日前買進的股票包括零股都可享有配發現金股利、增資配發或認購股票之權利，除權、除息交易日當日賣掉並不影響其參與現金股利、增資配發或認購股票之權利。 二、股票除息交易日之除息參考價為除息前一日收盤價減除現金股利；股票除權交易日之除權參考價為除權前一日收盤價減除權利價值；如遇同日除權、除息交易時，股票之除權、除息參考價係以前一日收盤價先扣除現金股利後再減除權利價值。
發行量加權股價指數之意義為何？,發行量加權股價指數是反應整體市場股票價值變動的指標。其係以上市股票之發行量當作權數來計算股價指數，目前為臺灣證券市場中最為人熟悉的指數。發行量加權股價指數係以民國55年平均數為基期，基期指數設為 100，其成分股為所有上市普通股，成分股選股原則依發行量加權股價指數編製要點處理，發行量加權股價指數的特色是股本較大的股票對指數的影響會大於股本小的股票，如您對股價指數之編算方法欲進一步地了解，請詳本公司網頁 > 指數資訊 > 本公司股價指數與授權 > 指數系列 > 三、本公司自編及與國外合作機構合編之指數 > 發行量加權股價指數編製規則。
何謂產業分類股價指數？,產業分類指數為本公司依據上市公司產業類別編製之全集合指數。產業分類指數編製規則，請參閱本公司首頁指數資訊 > 本公司股價指數與授權 > 指數系列 > 三、本公司自編及與國外合作機構合編之指數 > 發行量加權股價指數系列指數編製規則。
為什麼有時候大多數股票之股價均上漲，發行量加權股價指數反而下跌？,因發行量加權股價指數係以上市公司市值（股價乘以股票發行股數）進行加權，故市值越大的上市公司對指數的波動影響就會越大。因此當大多數小型股股價上漲，但卻有少數大型股股價下跌時，可能會導致發行量加權股價指數下跌。
除了發行量加權股價指數外，還有什麼能反應市場股價之指標？,除發行量加權股價指數外，本公司已編製可衡量各產業表現之產業分類指數，並於103年5月5編製可衡量臺灣上市上櫃市場綜合績效表現之「寶島股價指數」。 另本公司亦與富時國際有限公司(FTSE)、銳聯財智有限公司(Rayliant)等國外機構合作編製多支部分集合指數。 欲瞭解本公司指數相關資訊，請參閱本公司首頁/指數資訊/本公司股價指數與授權。
本益比代表之意義為何？,本益比中之「本」乃指股價，此即欲從市場上購進股票的成本。「益」係指每股稅後純益。本益比係股票價格除其每股稅後純益之比。例如，甲股票的本益比為30表示甲股票之市價為其每股稅後純益的30倍。在計算本益比時，每股稅後純益通常採用最近四季的每股稅後純益，亦有採用預估的每股稅後純益，而本公司係採用前者。除了個股本益比外，亦有產業別及市場本益比，相關統計資料請詳本公司網頁/交易資訊/統計報表/上市公司月報/大盤、各產業類股及上市股票本益比、殖利率及股價淨值比。
買賣債券是否為除息交易？,債券買賣除申報時聲明連息或另有規定者外，一律為除息交易。前項利息之計息，應以本期起息之日算至交割日止，按實際天數計算。
證券經紀商受託買賣有價證券成交後向委託人收取之手續費費率？,現行集中市場手續費由證券經紀商自行按客戶成交金額訂定手續費費率，另得訂定折讓及每筆委託最低費用。另證券經紀商所訂手續費率如逾成交金額千分之1.425者，應於委託前採取適當方式通知客戶，並留存紀錄。但境外華僑及外國人得於交割前通知。
買賣有價證券之證券交易稅為何？,依證券交易稅條例規定，證券交易稅係向賣出有價證券者，按每次交易成交價格之一定比率課徵：1.股票及表明股票權利之證書或憑證，課徵千分之三，另106年4月28日起，現股當日沖銷交易之標的為股票部分(不包含信用交易之資券當沖互抵)，其證券交易稅自千分之三降至千分之一點五，施行期間至113年12月31日。2.受益憑證、認購(售)權證、存託憑證、指數股票型基金ETF及其他經政府核准有價證券部分，課徵千分之一。3.公債、公司債、金融債券及不動產投資信託受益證券免徵。
投資人如於當月份無成交紀錄，是否仍可請求證券經紀商寄發對帳單？,可以。 投資人當月雖無成交紀錄，仍得以書面請求證券經紀商寄發對帳單。
經由證券集中交易市場取得之股票，其取得日期如何認定？,以買進報告書所載之成交日期為準。
私人間可否不透過證券經紀商直接讓受上市公司股票？,不可以。 除非私人間讓受之上市股票不超過一個成交單位，且與前次讓受行為相隔至少三個月，否則要受處罰。
投資人可否要求證券經紀商接受分期付款方式之委託買賣？,不可以。 證券經紀商不可以接受委託人分期付款方式之委託買賣。
檢舉證券公司或其受僱人涉嫌違反證券相關法規時，可否用化名或匿名？,檢舉人向台灣證券交易所提出檢舉時，應用真實姓名及地址，凡採化名或匿名者，概不受理。
投資有價證券具備之觀念？,投資人要有承擔風險及自負盈虧的觀念，通常獲利越高，可能風險就越大。相關投資有價證券規定，請參閱本公司官網。
投資人可否將帳戶供他人申購有價證券?,不可以。 一、邇來證券市場有所謂「抽籤大戶」，蒐集投資人之(1)交易帳戶；(2)款項劃撥銀行帳戶；(3)集中保管帳戶等三種戶頭，再利用交易帳戶進行申購下單、銀行帳戶撥轉款項、再賣出集中保管帳戶之中籤股票，使投資人成為其牟利之工具。 二、請投資人切勿將(1)交易帳戶；(2)款項劃撥銀行帳戶；(3)集中保管帳戶等三種戶頭出借供他人申購有價證券，俾免因成為他人申購有價證券之人頭戶，而導致「鉅額違約」、「逃漏贈與稅」等風險，蒙受不必要之損失。 三、另依據「證券商管理規則」第三十七條第三、十二、十三、十五款及「證券商負責人與業務人員管理規則」第十八條第二項第七、八、十九、二十款規定，嚴格禁止證券商及證券商受僱人不得有下列行為： (1)提供帳戶供客戶申購、買賣有價證券。 (2)受理非本人或未具客戶委任書之代理人開戶、申購、買賣或交割有價證券。 (3)利用客戶名義或帳戶，申購、買賣有價證券。 (4)以他人或親屬名義供客戶申購、買賣有價證券。請證券商切勿違背前述規定。
上市公司辦理減資換發新股票，其減資後股票上市買賣開始日參考價格之計算方式為何？,"依證交所營業細則第67-1條規定，依減資原因分採計算方式如下： 一、減資彌補虧損者，股票之參考價係以換發新股票前最後交易日收盤價除以每股換發比率（減資後發行股數與原發行股數之比率）而得。 假設以甲股票為例，該股票自1月24日至2月1日停止過戶，往前推算二個營業日，即1月22日為舊股票停止在市場買賣日期，2月2日為新股票上市買賣日期，若甲股票換發新股票前最後交易日（1月21日）收盤價為4.48元，每股換發比率為0.60，則甲股票於2月2日上市買賣開始日之參考價為7.46元，計算方式為：【4.48÷0.60=7.46】。開盤競價基準亦為7.46。(註：股價0.01元~10元，升降單位為0.01元) 二、若以現金退還股東股款者，股票之參考價係以換發新股票前最後交易日收盤價減去每股退還現金股款後除以每股換發比率（減資後發行股數與原發行股數之比率）而得。 假設乙股票換發新股票前最後交易日（1月21日）收盤價為73.1元，且乙股票每股退還現金股款2元，每股換發比率為0.80，則乙股票於2月2日上市買賣開始日之參考價為88.87元，計算方式為：【（73.1-2）÷0.80=88.87】。為符合申報買賣價格升降單位，開盤競價基準為88.90。(註：股價50元~100元，升降單位為0.1元) 三、上市公司(甲公司)辦理分割減資，分割減資後股票恢復交易日之參考價計算方式，視分割受讓公司(乙公司)於被分割公司(甲公司)減資恢復交易日是否為上市或上櫃公司(含乙公司於同日新上市掛牌)，計算方式亦不相同。茲舉例說明如下： 甲公司分割後淨資產總值為占原有的64%，發行股數分割前為800,000,000股、分割減資後為480,000,000股，股東分割減資後每股換發甲公司新股票0.6股並換得0.4股乙公司股票，甲公司股票分割減資前最後收盤價為45元。乙公司每股淨值為32元。 (1) 若乙公司股票在甲公司股票減資恢復交易日亦上市掛牌，公開承銷價格為36元，則甲公司股票當日之參考價算法為：【(45 –36 × 0.4) ÷0.6= 51.00 元】。 (2) 若乙公司股票在甲公司股票減資恢復交易日並非上市、上櫃公司，則甲公司股票當日計算漲跌停價格之基準算法如下。 參考價A：【(45×800,000,000）×64% ÷480,000,000 =48.00元】。 參考價B：【(45-32×0.4) ÷0.6=53.66元】。 漲停價格採53.66元為基準作計算，算得57.40元；跌停價格採48.00元為基準作計算，算得44.65元。當日股票恢復交易之參考價為50.83元，計算方式為：【(53.66+48.00) ÷ 2 = 50.83元】。為符合申報買賣價格升降單位，開盤競價基準為50.80。(註：股價50元~100元，升降單位為0.1元)"
遇上市公司現金增資發行新股時，與盈餘轉增資、資本公積轉增資（無償配股）除權交易日漲跌停價格之算法不同，其差異為何？,一 、依證交所營業細則第67條第3項第1款規定，遇上市公司盈餘轉增資或資本公積轉增資（無償配股）時，除權交易日漲跌停價格之計算，以前一日收盤價減權利價值後為計算之基準（除權參考價）。假設甲股票除權交易日為8月16日，其權利分派內容為：盈餘轉增資配股率為0.15199999，資本公積轉增資配股率為0.06799999，甲股票8月15日（除權前一日）收盤價為32.30元。（註：盈餘配股率＝盈餘股數/可參與權利分派之股數；資本公積配股率＝資本公積股數/可參與權利分派之股數；無償配股率＝盈餘配股率＋資本公積配股率） 甲股票8月16日除權參考價＝【32.30 ÷（1+0.15199999+0.06799999）】＝26.47元；漲跌停價格之計算基準為26.47元，漲停價格＝26.47 ×（1+10％）＝29.11元，為符合價格升降單位及漲幅不超過10%，故漲停價格為29.10元；跌停價格＝26.47 ×（1-10％）＝23.82元，為符合價格升降單位及跌幅不超過10%，故跌停價格為23.85元。為符合申報買賣價格升降單位，開盤競價基準為26.45。(註：股價10元~50元，升降單位為0.05元) 二、依證交所營業細則第67條第3項第2款第1、2目規定，遇上市公司僅辦理現金增資發行新股（有償）時，除權交易日漲跌停價格因收盤價與現金認購價孰高孰低而不同，說明如下： (一)現金增資每股認購價較除權交易日之前一日收盤價為低時，除權交易日漲跌停價格之計算，漲停價格以前一日收盤價為計算之基準，跌停價格則以前一日收盤價減權利價值後之值（除權參考價）為計算之基準。 假設乙股票現增除權交易日為1月23日，其權利分派內容為：現金增資每股認購價為25元，現金增資配股率為0.05038761（註：現金增資配股率＝現金增資股數/可參與權利分派之股數），乙股票1月22日（除權前一日）收盤價為31.10元（現金增資每股認購價較收盤價為低）。 乙股票1月23日除權參考價（扣減現增之權利價值）＝【（31.10+25×0.05038761）÷（1+0.05038761）】＝30.80元；漲停價格以前一日收盤價31.10元（即未扣減現增之權利價值）為計算之基準，並以31.10元作為開盤競價基準，漲停價格＝31.10 ×（1+10％）＝34.21元，為符合價格升降單位及漲幅不超過10%，故漲停價格為34.20元；跌停價格之計算基準為30.80元，跌停價格＝30.80 ×（1-10％）＝27.72元，為符合價格升降單位及跌幅不超過10%，故跌停價格為27.75元。 (二)反之，現金增資每股認購價較除權交易日之前一日收盤價為高時，除權交易日漲停價格以除權參考價為計算之基準，跌停價格則以前一日收盤價格為計算之基準。 三、依證交所營業細則第67條第3項第3款第1、2目規定，遇上市公司同時辦理盈餘轉增資或資本公積轉增資（無償配股）及現金增資發行新股（有償）時，除權交易日漲跌停價格因扣減無償配股權利價值（以下稱減除股利參考價）與現金增資認購價孰高孰低而不同，說明如下： (一)現金增資每股認購價較減除股利參考價為低時，除權交易日漲跌停價格之計算，漲停價格以減除股利參考價為計算之基準，跌停價格則以前一日收盤價減無償及有償權利價值後之值（除權參考價）為計算之基準。 假設丙股票現增除權除息交易日為7月26日，其權利分派內容為：現金增資每股認購價為11.5元，現金增資配股率為0.32426892，盈餘轉增資配股率為0.07493168，每股配發現金股利0.749316，丙股票7月25日（除權除息前一日）收盤價為15.50元。 丙股票7月26日之減除股利參考價（即未扣減現增之權利價值）＝【（15.5-0.749316）÷（1+0.07493168）＝13.72元，除權除息參考價（同時扣減現增、盈餘轉增資及資本公積轉增資之權利價值）＝【（15.5-0.749316）+（11.5×0.32426892）】÷（1+0.07493168+0.32426892）＝13.20元；漲停價格之計算基準為13.72元，漲停價格＝13.72 ×（１＋10％）＝15.09元，為符合價格升降單位及漲幅不超過10%，故漲停價格為15.05元；跌停價格之計算基準為13.20元，跌停價格＝13.20 ×（１-10％）＝11.88元，為符合價格升降單位及跌幅不超過10%，故跌停價格為11.90元。 (二)反之，現金增資每股認購價較減除股利參考價為高時，除權交易日之漲停價格以除權參考價為計算之基準，跌停價格則以減除股利參考價為計算之基準。
上市有價證券除權除息交易，若前一日無收盤價時，除權除息參考價如何計算?,依證交所營業細則第67條第5項規定上市公司股票除權除息交易，若前一日無收盤價，則依下列原則決定之價格替代收盤價計算除權除息參考價格： 一、 如前一日收盤時最高買進申報價格高於前一日開盤競價基準，則為該最高買進申報價格。 二、 如前一日收盤時最低賣出申報價格低於前一日開盤競價基準，則為該最低賣出申報價格。 三、 上述情形皆不成立時，則為該前一日開盤競價基準。 舉例說明如下： 一、 假設A股票除權除息交易日為1月18日，若A股票於1月17日無收盤價，當日開盤競價基準18.00元，收盤時有最高買進申報價格18.25元，高於開盤競價基準，則以最高買進申報價格18.25元替代收盤價計算除權除息參考價格。 二、 假設A股票除權除息交易日為1月18日，若A股票於1月17日無收盤價，當日開盤競價基準18.00元，收盤時有最低賣出申報價格17.75元，低於開盤競價基準，則以最低賣出申報價格17.75元取替代收盤價計算除權除息參考價。 三、 假設A股票除權除息交易日為1月18日，若A股票於1月17日無收盤價，有下列情形者，則以1月17日之開盤競價基準18.00元替代收盤價計算除權除息參考價。 （一）A股票1月17日收盤時最高買進申報價格未高於開盤競價基準18.00元且最低賣出申報價格未低於開盤競價基準18.00元。 （二）A股票1月17日收盤時最高買進申報價格未高於開盤競價基準18.00元且無任何賣出申報價格。 （三）A股票1月17日收盤時最低賣出申報價格未低於開盤競價基準18.00元且無任何買進申報價格。 （四）A股票1月17日無買進且無賣出申報價格。 上市有價證券除權除息之參考價與漲跌停價格之計算說明，請詳Q21。
上市公司減資時，若股票停止買賣最後交易日無收盤價時，恢復買賣日之參考價格如何計算?,依證交所營業細則第67-1條第2項規定遇上市公司減資，停止買賣前最後交易日無收盤價，則依下列原則決定之價格替代收盤價計算減資恢復買賣參考價格： 一、 如最後交易日收盤時最高買進申報價格高於最後交易日開盤競價基準，則為該最高買進申報價格。 二、 如最後交易日收盤時最低賣出申報價格低於最後交易日開盤競價基準，則為該最低賣出申報價格。 三、 上述情形皆不成立時，則為該最後交易日開盤競價基準。 上市公司減資後股票上市買賣開始日參考價之計算方式，請詳Q20。
投資人如何取得「除權除息相關資料」資訊？,投資人可透過公開資訊觀測站查詢，網址為：http://mops.twse.com.tw（股東會及股利>除權息公告>決定分派股息及紅利或其他利益( 94.5.5 後之上市櫃/興櫃公司)）；或透過證交所網頁查詢，網址為：http://www.twse.com.tw/zh/page/trading/exchange/TWT49U.html（市場公告>除權除息>除權除息計算結果表）；或各上市公司網頁查詢。 相關網址如下：公開資訊觀測站： http://mops.twse.com.tw 除權除息計算結果表： http://www.twse.com.tw/zh/page/trading/exchange/TWT49U.html
投資人如何試算「除權除息」、「減資」的約當參考價格？,投資人可透過證交所網頁（http://www.twse.com.tw/）所提供的「除權除息、減資參考價格等試算」（首頁>產品與服務>投資人教育>投資人知識網>服務專區>除權除息、減資參考價格等試算，網址為（https://investoredu.twse.com.tw/Pages/TWSE_ServiceArea3_1.aspx）之功能，選擇所屬態樣，即可模擬試算「除權除息」、「減資」的約當參考價格。也可直接點選「除權除息預告表」（首頁>市場公告>除權除息>預告表）上「試算」功能，模擬試算「除權除息」的約當參考價格，或「減資預告表」（首頁>市場公告>普通股減資>減資預告表）模擬試算恢復買賣時約當參考價格。相關網址如下： 證交所網頁 http://www.twse.com.tw/ 	首頁>產品與服務>投資人教育>投資人知識網>服務專區>除權除息、減資參考價格等試算，網址 https://investoredu.twse.com.tw/Pages/TWSE_ServiceArea3_1.aspx
上市公司辦理變更股票面額換發新股票，其換發後股票上市買賣開始日參考價格如何計算？,"依證交所營業細則第67-2條規定，以換發新股票前最後交易日收盤價格除以變更股票面額後發行股數與原發行股數之換股比率為計算之基準，舉例說明計算方式如下： 一、假設以甲股票為例，股票面額由10元變更為25元，原發行股數500,000仟股，變更股票面額後發行股數200,000仟股；換股比率為0.4（200,000÷500,000=0.4），若甲股票換發新股票前最後交易日收盤價為12.00元，則甲股票於變更股票面額後新股票上市買賣開始日參考價為30.00元，計算方式為：【12.00÷0.4=30.00】。 二、假設以乙股票為例，股票面額由10元變更為8元，原發行股數200,000仟股，變更股票面額後發行股數250,000仟股；換股比率為1.25（250,000÷200,000=1.25），若乙股票換發新股票前最後交易日收盤價為32.00元，則乙股票於變更股票面額後新股票上市買賣開始日參考價為25.60元，計算方式為：【32.00÷1.25=25.60】。"
投資人使用網際網路下單時應注意事項？,投資人以網際網路下單時，其有價證券買賣委託之電子文件傳輸，應使用憑證機構所簽發之電子簽章簽署，憑以辨識及確認。
遇證券商發生資訊連線故障，投資人如何因應？,投資人已在其他家開戶者可至其他家交易，若未在其他家開戶者可於當日至其他家開戶後即可委託買賣。
證券經紀商接受委託人買進變更交易方法股票或處置股票時，是否應為交易委託人本人名義匯入證券商預收款交割專戶？,是，依據本公司「證券經紀商受託買賣預收款券作業應行注意事項」之規定，證券經紀商接受委託人買進變更交易方法或受處置有價證券，應負責查證匯款人是以交易委託人之本人名義匯入證券商預收款交割專戶，始得辦理買賣申報，否則應將款項退還匯款人。
MSCI及FTSE兩大指數公司所編制之指數調整日期為何？,"全球被動式指數追蹤資產規模日益成長，雖為追蹤標的帶來流動性，但遇指數調整時卻也對市場造成影響。其影響主要是由於被動式指數追蹤資產多採收盤價做交易基準以減少追蹤誤差，一般而言，於指數調整成分股生效前最後交易日之尾盤可能較平日交易量為大，致使個股價量產生較大波動。 經統計摩根士丹利資本國際公司(MSCI)與富時國際有限公司(FTSE)兩大指數公司指數調整期間之臺股尾盤交易狀況，指數調整生效前最後交易日之尾盤成交值有占當日成交值比重較高的情形發生，謹提供該等公司所編制指數調整時間如下： 1.MSCI執行指數定期審核與調整之月份為每年的2月、5月、8月及11月，其網頁（https://www.msci.com/index-review，點選Announcement and effective dates of the four subsequent Index Reviews）刊登審核調整結果公告及生效日期(日期皆為歐洲中部時間, UTC+1)。 2.FTSE執行指數定期審核與調整之月份為每年的3月、6月、9月及12月，其網頁(https://www.ftse.com/products/downloads/FTSE_TWSE_Taiwan_Index_Series.pdf) 刊登審核調整結果公告日期為第一個星期五，生效日期為第四個星期一（日期皆為英國當地時間, UTC）。"
證交所於何時開業？,民國51年2月9日正式開業。詳證交所官網首頁＞關於證交所＞公司介紹＞歷史介紹。 相關網址如下： 證交所官網首頁＞關於證交所＞公司介紹＞歷史介紹 http://www.twse.com.tw/zh/page/about/company/history.html
股票除權、除息交易日是否會影響發行量加權股價指數？,指數採樣股票除息交易日之除息參考價以前一日收盤價減除現金股利而得，除息參考價較前一日收盤價低，而發行股數不變，其市值(除息參考價乘以發行股數)較前一日收盤價市值(前一日收盤價乘以發行股數)為低，故以除息參考價算得之指數，理論上將略低於前一日收盤指數。 指數採樣股票除權交易日之除權參考價以前一日收盤價減除權利價值而得，故除權參考價低於前一日收盤價，惟其除權後發行股數依除權前配股比例增加，故除權後市值（除權參考價乘以除權後發行股數）會等同於除權前市值（前一日收盤價乘以除權前發行股數），理論上以除權參考價算得之指數與前一日收盤指數相同。
如何查詢個股除權、除息交易日?,有下列方式查詢： 1.公開資訊觀測站>股東會及股利>除權息公告>決定分配股息及紅利或其他利益。 2.公開資訊觀測站>股東會行事曆。 3.證交所官網首頁>市場公告>除權除息>預告表。
要申報遺產稅，但無法查詢到終止上市的股票過世當日的收盤價，該如何處理？,1.終止上市日前會暫停交易，要查詢最後交易日的收盤價。 2.可詢問國稅局要以何時為基礎。
證交所官網首頁＞交易資料＞盤後資訊＞個股日本益比、殖利率及股價淨值比，顯示資料是最新？,資料日期均標示於網頁，計算方式請參考網頁頁底說明。
申購後結果圈購未達提交承銷數量，為什麼還是被扣20元的申購手續費？,因參照【中華民國證券商業同業公會證券商承銷或再行銷售有價證券處理辦法】第28條，股票初次上市、上櫃及台灣存託憑證初次發行之承銷案件採詢價圈購作業如併同公開申購配售同時辦理者，如合格圈購單累計數量未達該次提交詢價圈購之承銷數量，應重新辦理詢價圈購，且應於該次受理詢價圈購作業結束後次一營業日通知證交所及本公會，至遲並應於受理詢價圈購作業結束後次二營業日於日報及本公會網站登載公告，經紀商並於同日將申購人之申購有價證券價款及中籤通知之郵寄工本費均不加計利息予以退回，惟申購處理費不予退回。
如果同時在兩家證券商申購同一家上市公司股票，兩家券商都會扣款嗎？另外可參與抽籤嗎？,投資人委託申購有價證券後，證券商將於申購截止日下午二時後通知往來銀行辦理向申購人銀行帳戶預扣申購價款與處理費事宜；同一投資人於不同證券公司申購同一種有價證券屬不合格件，不得參與當次申購作業，每家券商將退回申購價款，惟申購處理費20元均不予退回，相關條文規定詳見「中華民國證券商業同業公會證券商辦理公開申購配售作業處理程序」。
上市公司如遇重大災變發生時，其財務報告申報期限是否延長?逾期是否會受罰?,(一)依證券交易法第36條及主管機關(金融監督管理委員會)民國100年11月11日（101）金管證審字第1000055872號等相關規定，上市公司如因遭受不可抗力之因素（如地震、水災等天然災害），致無法如期公告申報各期財務報告時，得依本法第36條第1項規定於事實發生後之次日即日起算15日內且於公告申報期限屆至前，檢具無法如期公告申報理由及證明資料與擬展延之期限向主管機關申請核准，申請延長期限以1個月為限，必要時，得延長之。故上市公司財務報告之申報期限及得否延期等事項係屬主管機關之業務職掌範圍，上市公司如遇重大災變發生時，依規應向主管機關提出申請延期公告申報財務報告，本公司亦將配合主管機關行政公告或相關函令等規定辦理。 (二)另上市公司如有未依法令規定而逾期申報財務報告情事者，依證券交易法第一百七十八條第一項第四款規定，主管機關依法將處新臺幣二十四萬元以上二百四十萬元以下罰鍰;另依本公司「對有價證券上市公司及境外指數股票型基金上市之境外基金機構資訊申報作業辦法辦法」第六條規定，本公司得課新台幣一萬元之違約金，另依本公司「營業細則」第五十條第一項第一款規定，對其上市之有價證券，本公司將予以停止買賣之處置，並報請主管機關備查。
申購處理費20元是由誰收取？是否可退還？,申購處理費20元是不退還，分配方式：主辦承銷商8.5+經紀商8.5+(證交+櫃買)1.5+集保0.5+證券暨期貨市場發展基金會1。
如何查詢國際證券編碼?,證交所官網首頁>產品與服務> 證券編碼>證券編碼查詢。證券編碼查詢： http://www.twse.com.tw/zh/page/products/stock-code1.html
零股交易交割款若有小數點該如何計算?,90年2月6日起證交所與證券商之交割款修改為依證券商別、每種證券之零股交易買賣總數量乘以成交價格，計算交割價金至分後，再加總各種證券應交割價金，計算淨收淨付金額後，元以下無條件捨去。至於證券商與投資人部分並未規範。
財報後公告變更交易哪邊查？,證交所官網首頁>市場公告>公文查詢(其他類別查詢之全額交割、停止買賣)。公文查詢： http://www.twse.com.tw/announcement/official
查詢確認購買零股不寄發開會通知等規定？,依證券交易法第26條之2規定，凡持股未滿壹仟股之股東，其股東常會之召集通知概依本公告辦理，如該等股東欲出席股東會，敬請逕洽本公司股務代理機構領取開會通知書，或請攜帶身份證及印鑑於當日前往出席股東會。
因每股淨值低於5元而列為全額交割股及解除的程序?,上市公司每股淨值低於5元會被列為全額交割股(營業細則稱為變更交易) ，本公司於其財報公告後，將儘速審核並通函市場週知後兩個營業日生效。 解除全額交割程序亦同，但解除條件為最近二期依證券交易法第三十六條規定公告申報之財務報告之淨值均逾三億元，並達所列示股本二分之一以上，且完成減資換發有價證券作業程序者。
淨值低於五元列為變更交易的名單哪時候會公告？,原則上於每季財報申報截止日後次一營業日公告，公告後二營業日實施。
為何某股票漲跌幅可超過10%?,可能該股票屬初次上市首五日採無漲跌幅限制，或該股票於現金增資除權交易日當日，放寬漲跌幅，故漲幅或跌幅超過10%。
查詢可申購股票及時間（含ＯＴＣ股票）？,詳證交所官網首頁＞市場公告＞公開申購公告。 相關網址如下：證交所官網首頁＞市場公告＞公開申購公告 http://www.twse.com.tw/zh/page/announcement/publicForm.html
查詢上市公司年度除權息日期？,詳公開資訊觀測站＞彙總報表＞股東會及股利＞除權息公告。 相關網址如下：公開資訊觀測站＞彙總報表＞股東會及股利＞除權息公告 http://mops.twse.com.tw/mops/web/t108sb27
天然災害股市休市時，除權、除息日期是否延後?,停止過戶前2個營業日買進股票之投資人完成股票交割（成交後第2營業日），取得股票時上市公司已停止變更股東名簿記載，無法參與權利分配，故當日市場交易為該股票除權、除息交易日。當天然災害股市休市，原訂當日除權、除息交易股票之漲、跌停價格及開盤參考價仍適用於次日，原訂休市日之後除權、除息股票若上市公司未公告變更權利分派基準日，則仍按原訂日期辦理。
天然災害股市休市時，公開申購之繳款期間、扣款日與抽籤日是否延後?,有關申購截止日、公開抽籤日、處理費、中籤通知郵寄工本費或價款之繳存、扣繳、解交、匯款等作業，當證券交易市場因天然災害或其他原因，致集中交易市場休市時，其後續作業一律 順延至次一營業日辦理。
投資人是否能註銷違約紀錄?,違約紀錄只要投資人還完款項可辦結案，但違約紀錄是永遠存在的。
交易量達5000萬，證交所是否會寄掛號對帳單？,證交所不會寄對帳單，但會抽樣寄平信詢證函。 至於證券商部分，則依是否本人交易及符合條件與否，以自取或掛號寄送。
何時匯款才不會被申報為違約交割?,臺灣證券交易所股份有限公司證券經紀商受託契約準則第12條： 證券經紀商接受普通交割之買賣委託，應於委辦時，或成交日後第二營業日上午十時前，向委託人收取買進證券之價金或賣出之證券。 證券經紀商向本公司申報境外華僑及外國人與大陸地區投資人遲延交割，應依本公司訂定之「證券經紀商申報委託人遲延交割及違約案件處理作業要點」規定辦理。 證券經紀商接受信用交易之買賣委託，應於成交日後第二營業日上午十時前，向委託人依規定收取融資自備價款或融券保證金。
在券商買賣下單的語音記錄會保留多久？,1年。但買賣委託有爭議者，應保存至該爭議消除為止。
如何查詢抽籤是否成功?,請投資人洽詢辦理抽籤申購的券商。
委託買賣之委任授權書的法規依據為？,本公司營業細則第75條第5款及第6款。
投資人如何查詢被併券商原帳戶現在何處？,1.先從已結束營業證券商(https://dsp.twse.com.tw/brokerClose/list)查詢被哪一家併。 2.再從證交所官網首頁＞產品與服務＞證券商服務＞證券商資訊查詢。(https://www.twse.com.tw/zh/brokerService/brokerServiceAudit)。已結束營業證券商： https://dsp.twse.com.tw/brokerClose/list 證券商資訊： https://www.twse.com.tw/zh/brokerService/brokerServiceAudit
有無規定在證券商當面委託下單需要錄影存證的法規？,沒有相關法規規定。
投資人買賣個股，證交所是否有金額或張數的限制?,證交所無限制，但證券商基於風險控管需要，於對投資人經瞭解及徵信程序後會做適當限制。
券商已結束營業，此帳號是否可使用？所對應的銀行是否還可使用？,1.此券商結束後就無法使用。 2.銀行是可繼續使用，只是證券帳號無法使用。
投資人被報違約，股票是否不能賣出?,根據交易所營業細則第76條第3項： 投資人被報違約，在未結案前，證券商將暫停受理投資人股票買賣或開立新帳戶。 但投資人可向券商協商以帳戶內股票賣出以返還違約金額。
投資人持有之實體股票(有價證券)遺失時，如何辦理？,(一)股票若遺失、被盜或毀損時，可由股東或合法持有人向治安機關報案，取得報案證明書，並填具股票掛失申請書加蓋原留印鑑，送交發行公司或股務代理機構辦理股票掛失手續。 (二)如股票之合法持有人尚未辦理股票過戶，則應另檢附︰證券經紀商開具之買進報告書，股票號碼證明單、身份證影本、印鑑卡，送交發行公司或股務代理機構。 (三)申請人於申請掛失後五日內，須向發行公司所在地之地方法院民事庭聲請公示催告，並將聲請狀副本及法院收文收據影本送交發行公司或股務代理機構。 (四)公示催告經法院裁定後，申請人應將登載公示催告裁定之新聞紙一份連同公示催告裁定書副本送交發行公司或股務代理機構。 (五)俟公示催告期滿(自登報日起算滿半年)，檢同公示催告裁定書，登錄公示催告裁定之新聞紙、身份證、印章向地方法院辦理除權判決。期滿三個月未辦理，該公示催告裁定失效。 (六)申請人憑法院除權判決書及印鑑，填具股票掛失補發申請書向發行公司或股務代理機構申請補發股票。
投資人如何查詢個人之證券、信用交易帳戶明細或證券交易資料?,一、網際網路申請： （一）申請人請點選連結（本公司網站首頁/產品與服務/查詢個人資料服務/投資人個人資料查詢系統），並填寫個人資料蒐集處理利用告知事項暨同意書。 （二）申請人須具備「證券下單憑證」、「自然人憑證」或「工商憑證」。 二、親自至本公司申請者、委託他人至本公司申請者、親至證券商以通訊方式申請者請點選連結（本公司網站首頁/產品與服務/查詢個人資料服務/投資人查詢證券集中交易市場帳戶或交易資料作業程序）。
投資人如何查詢如何查詢被繼承人之證券、信用交易帳戶明細或證券交易資料?,親自至本公司申請者、委託他人至本公司申請者、親至證券商以通訊方式申請者請點選連結（本公司網站首頁/產品與服務/查詢個人資料服務/查詢被繼承人在證券集中交易市場帳戶或交易資料作業程序）。
110年10月12日起實施違約投資人之控管措施，對投資人買賣證券之影響?,A：控管措施實施後，投資人買賣證券發生違約，距前次（實施前發生的違約，不追溯）違約時間尚在1年內者，證券商自接獲本公司違約結案公告日起3個月內，受理該投資人首次交易日起連續10個營業日之委託，須預收足額款券，範圍包含上市（櫃）有價證券、興櫃股票及零股交易（包含盤中及盤後）。相關議題請至本公司官網/國內業務宣導/券商輔導/文件下載 「強化投資人違約風險控管措施問答集」查閱。
